SO2;NO2;O3;PM2.5;PM10
12,07;26,21;50,27;30,13;49,60
9,96;26,41;50,73;39,43;63,53
13,04;28,18;59,66;30,05;51,60
14,11;30,43;45,04;35,74;59,89
16,47;25,97;46,35;22,80;39,99
18,49;26,10;44,78;24,13;42,33
18,13;30,43;47,13;31,89;55,36
12,89;29,31;49,71;32,99;56,24
15,82;30,98;51,13;37,65;63,50
19,10;24,19;43,98;32,05;51,60
18,62;32,60;47,25;44,30;67,14
16,41;35,53;51,03;41,05;66,06
8,37;26,14;41,83;36,02;59,56
11,21;25,15;46,97;33,07;56,43
11,99;27,01;39,78;34,16;55,25
9,64;26,95;34,14;37,05;56,76
14,72;26,22;39,28;33,61;59,85
21,17;31,39;36,94;36,53;61,41
15,82;30,03;47,45;30,58;53,63
13,31;27,74;40,87;33,04;53,26
10,75;22,42;46,73;29,20;47,32
10,62;21,85;46,46;35,63;55,72
15,12;26,71;48,83;29,66;53,47
12,17;27,61;45,59;36,69;57,49
11,01;26,06;47,37;29,55;51,38
17,97;28,67;46,88;31,70;53,07
32,24;30,12;41,89;26,24;47,97
15,77;28,32;46,28;28,76;48,29
15,99;25,80;50,21;27,48;47,79
16,68;26,19;42,21;29,65;52,04
15,59;26,84;45,92;29,98;50,13
15,07;29,78;48,50;30,82;52,57
17,95;25,88;45,98;30,45;53,81
16,11;28,16;47,15;30,54;54,31
13,71;29,70;48,90;30,48;53,63
14,45;28,91;48,02;28,83;52,61
13,18;28,27;49,12;29,69;50,80
13,59;27,07;49,92;28,85;49,08
15,11;29,63;47,83;31,19;52,96
14,37;30,73;48,12;41,02;63,22
14,63;26,15;47,03;38,01;56,41
12,01;26,27;48,68;29,36;51,46
16,06;29,42;49,42;32,89;55,54
16,72;30,15;49,17;31,12;55,07
15,61;30,87;50,80;30,79;51,05
14,93;28,89;49,04;30,61;50,86
15,48;29,45;47,69;30,38;53,00
14,90;31,65;46,95;32,14;55,96
16,00;31,27;50,66;31,60;53,87
16,78;27,36;49,39;29,50;50,23
15,17;30,98;48,92;31,83;52,02
15,28;32,48;50,79;32,06;56,60
14,74;29,86;48,32;31,69;53,86
14,99;28,45;50,99;28,58;51,74
15,61;30,13;50,08;29,65;49,29
14,62;27,49;50,62;31,17;53,31
15,26;27,21;50,69;29,44;51,32
12,24;29,93;51,51;31,02;51,07
16,18;32,47;35,23;35,25;59,94
14,02;28,16;49,57;29,51;50,92
16,42;30,76;49,59;30,53;53,39
15,18;31,53;49,31;32,90;54,91
18,62;30,02;49,89;33,06;56,21
16,06;30,84;49,72;30,12;51,39
24,24;32,53;43,60;32,98;57,94
18,43;31,39;45,55;30,11;51,52
19,27;33,01;44,10;34,27;57,37
15,39;31,25;46,72;31,74;57,12
17,31;28,34;44,27;33,49;55,37
17,49;33,36;45,38;31,55;57,04
13,66;30,20;48,89;30,30;51,32
10,86;27,59;49,08;28,95;50,98
13,60;28,34;45,75;30,11;52,44
13,63;30,31;44,96;31,39;52,64
13,70;29,49;44,17;31,90;52,07
10,60;27,05;46,49;27,58;47,41
12,78;27,87;44,23;30,74;52,76
10,93;26,35;45,39;29,55;48,17
10,91;27,09;47,69;30,32;53,38
12,18;29,19;48,43;28,08;49,73
12,97;27,85;46,31;30,25;51,57
12,47;28,51;47,53;29,31;50,59
12,84;29,79;47,18;28,85;47,87
13,78;29,95;44,06;32,47;55,34
13,26;27,60;46,28;29,00;51,65
13,01;27,15;46,29;31,33;53,00
14,84;27,88;42,27;25,91;47,09
13,24;30,36;45,96;27,93;51,40
17,72;29,66;47,81;29,19;51,69
31,05;29,48;46,69;39,02;58,95
9,35;24,35;48,17;23,37;43,05
10,86;25,99;47,46;27,12;46,73
15,32;29,28;47,84;28,76;49,75
18,80;27,58;39,26;24,15;42,62
14,43;29,98;49,31;29,41;52,77
15,48;31,66;46,74;32,55;58,99
15,62;30,44;47,18;31,88;55,37
15,77;29,28;49,80;31,36;51,29
15,55;29,44;51,15;31,71;54,27
15,60;27,23;48,39;33,55;57,53
13,59;29,50;49,97;30,50;53,90
14,66;28,87;46,46;32,36;57,59
15,95;29,92;49,73;32,49;55,89
14,40;29,73;52,46;31,99;54,53
14,81;29,66;49,13;30,55;52,81
14,03;30,41;50,20;29,88;52,12
16,18;30,63;49,16;30,75;51,79
12,71;32,55;39,88;35,27;43,25
12,10;31,37;40,45;34,13;43,95
9,22;30,76;34,48;32,42;49,24
15,14;31,92;38,77;31,11;42,78
8,29;24,03;40,45;25,46;33,59
7,87;24,42;42,93;21,22;32,60
9,94;26,31;40,82;23,81;35,65
9,44;22,68;42,50;24,32;35,95
8,62;20,96;41,89;19,65;32,21
11,81;24,08;33,77;27,54;42,57
11,09;28,80;34,84;27,30;43,55
11,29;29,43;39,72;25,30;39,98
11,45;28,01;42,13;29,37;47,89
12,67;27,75;42,07;29,11;46,12
10,64;24,59;39,56;27,18;44,05
28,69;29,08;36,29;31,36;51,57
15,33;27,89;46,33;32,39;53,06
13,59;27,35;43,53;31,47;53,02
12,27;29,48;35,74;27,39;44,69
21,08;25,90;36,40;25,95;40,15
19,90;31,62;39,00;27,48;40,47
10,52;26,52;34,72;27,13;39,75
10,49;24,67;28,89;26,54;41,35
13,44;28,96;32,25;42,66;52,66
12,97;32,11;31,12;41,39;56,58
11,60;32,60;30,91;34,70;49,16
13,57;34,92;31,21;40,29;59,50
11,90;30,35;35,49;30,66;46,42
11,79;29,88;30,84;24,05;39,94
9,00;26,65;29,08;26,62;38,61
8,32;25,97;25,52;20,48;34,39
14,30;32,74;24,22;29,38;43,19
21,55;37,29;25,28;36,26;56,78
17,76;33,07;23,77;38,06;66,90
15,33;32,75;33,57;36,74;64,54
10,95;27,60;32,34;34,49;55,12
5,74;17,80;36,93;20,41;32,87
10,10;16,88;29,13;15,93;19,43
27,74;31,45;21,67;34,98;57,10
13,82;31,45;32,15;37,58;66,60
10,60;27,21;32,42;30,51;50,78
13,21;29,00;30,40;33,37;76,23
8,14;17,59;35,22;23,18;37,36
33,11;38,88;30,95;34,50;53,09
28,28;50,35;31,02;60,67;92,28
23,00;54,94;32,37;70,73;116,52
26,60;59,11;34,41;63,82;107,46
23,60;47,33;34,11;63,36;96,73
26,94;49,57;31,69;61,18;90,89
13,85;33,87;44,39;46,67;94,22
9,39;24,15;43,54;19,25;46,05
9,82;18,75;35,26;15,39;19,16
12,58;22,54;35,75;21,63;32,43
25,60;36,16;35,18;38,68;63,80
18,65;34,31;38,67;42,13;66,49
20,11;35,99;36,59;33,51;62,07
33,78;43,16;31,76;33,19;74,21
21,86;35,35;34,65;36,25;64,02
16,94;39,02;43,98;24,54;51,36
10,53;24,45;31,52;22,65;39,41
20,63;34,27;35,47;35,35;72,43
18,05;32,07;32,15;40,19;64,29
19,06;34,24;30,15;34,97;62,30
26,10;43,41;32,00;53,00;79,44
23,97;44,49;37,00;48,12;92,43
22,05;35,27;34,37;41,90;77,24
5,37;15,03;32,26;15,23;28,08
7,03;15,19;34,53;14,93;24,57
13,59;20,74;32,48;17,25;25,47
14,75;33,71;28,40;33,58;58,87
18,87;39,00;31,84;36,62;70,72
28,13;45,90;33,31;39,90;92,99
10,80;31,40;33,56;30,09;50,22
12,66;26,96;30,31;44,63;49,24
16,98;30,66;32,95;40,86;72,75
14,90;30,13;35,35;30,21;49,08
13,33;25,04;40,11;31,55;55,59
11,46;24,53;37,10;25,78;39,95
21,55;26,60;28,36;27,73;33,67
33,62;34,32;29,50;51,30;59,94
35,39;37,17;29,42;45,89;59,38
27,15;31,51;31,40;41,74;51,13
27,84;32,07;31,18;39,33;59,41
32,54;33,54;27,82;40,41;58,44
31,57;35,01;30,98;41,71;61,70
34,11;36,79;33,07;48,45;58,72
30,80;36,11;31,64;52,46;65,91
22,13;32,23;36,00;43,93;60,56
12,74;26,98;32,35;39,60;52,08
33,06;28,57;33,01;35,21;40,79
20,69;33,02;36,67;51,92;60,92
24,38;37,69;37,95;49,16;77,10
15,02;36,19;37,66;51,63;77,90
22,87;35,65;40,02;50,10;89,56
25,15;43,45;38,84;66,70;92,92
22,21;42,67;46,98;52,93;91,65
21,09;35,74;46,26;46,89;90,35
18,19;37,80;47,56;44,35;81,47
19,03;25,46;34,46;28,50;33,31
19,70;30,04;31,12;31,80;37,73
21,35;31,92;36,86;35,94;64,49
6,91;20,08;35,59;27,99;34,03
24,95;29,57;31,08;38,73;58,17
43,18;36,42;30,26;35,04;52,39
30,29;38,06;33,32;37,21;74,35
28,18;35,45;36,71;32,73;69,06
18,27;32,41;39,50;30,40;70,55
18,73;37,94;38,10;31,72;75,82
14,35;33,37;39,97;32,73;82,74
15,39;23,44;38,39;22,24;42,92
30,63;32,34;39,01;30,43;55,90
13,75;29,35;38,51;28,49;52,93
16,99;30,77;39,58;32,03;63,13
11,19;29,68;35,87;31,35;65,99
11,90;27,10;37,68;31,04;69,75
16,23;38,34;29,00;37,26;79,07
15,76;35,35;46,46;37,88;82,46
14,58;25,37;48,89;32,34;73,72
19,15;30,53;31,75;19,53;32,87
22,91;28,59;32,31;22,35;36,69
36,52;35,68;26,80;30,42;52,58
29,48;37,37;32,72;33,42;60,75
19,25;34,15;36,18;35,75;72,61
18,27;32,14;46,58;28,91;60,02
16,35;33,20;52,40;32,09;75,33
18,02;36,52;51,48;38,76;90,90
10,99;30,39;60,61;25,91;62,02
13,22;24,82;38,62;20,03;39,27
22,22;37,18;43,95;36,20;82,28
15,57;39,96;49,38;46,66;98,83
25,94;42,69;50,34;46,37;95,62
15,88;32,14;49,33;34,99;71,78
11,90;32,29;46,96;32,76;66,00
25,96;41,40;53,49;43,25;88,64
18,21;39,46;50,06;41,36;85,56
23,48;39,08;48,21;39,62;73,77
8,54;23,07;48,87;28,27;61,91
9,68;19,60;44,50;23,70;38,24
11,39;21,94;41,70;24,19;38,47
13,53;30,48;40,34;30,40;65,12
14,91;30,77;42,58;36,29;79,01
24,30;36,64;44,56;35,49;69,68
24,62;42,30;53,81;38,13;86,33
20,55;35,78;56,66;33,63;75,71
18,78;42,55;58,61;39,17;88,13
14,22;30,63;66,96;35,65;63,62
13,52;36,22;64,23;33,67;82,83
13,59;37,36;63,93;40,39;78,83
11,67;34,32;64,36;32,72;72,57
12,39;28,56;54,99;36,53;82,07
10,11;23,22;42,89;27,52;46,19
14,85;29,56;49,92;31,94;67,57
14,43;23,64;54,80;27,82;52,69
6,92;18,91;52,73;26,71;48,58
14,82;27,17;47,73;29,53;59,29
15,14;29,80;43,98;29,45;64,32
12,68;29,47;47,16;34,65;75,75
10,65;28,12;46,19;32,44;72,85
22,83;28,78;41,77;27,33;56,96
19,12;29,29;46,82;29,77;55,78
14,89;29,20;48,09;28,33;64,04
12,72;33,22;51,21;36,76;78,98
14,55;34,04;53,55;38,84;85,85
10,66;25,58;56,29;27,23;68,32
13,74;30,22;56,57;31,82;61,14
7,68;27,16;58,20;22,10;62,69
7,17;26,21;64,04;30,69;41,14
6,14;23,42;46,82;25,98;39,95
9,07;24,81;45,80;26,79;37,10
8,76;25,40;43,07;17,53;40,63
14,64;34,47;44,46;23,75;44,39
9,60;34,78;47,70;24,50;51,06
11,11;39,52;51,36;29,59;58,21
13,49;30,48;52,19;26,69;58,43
13,99;31,38;50,44;29,97;74,20
10,88;29,51;53,97;28,26;55,64
13,19;33,55;51,08;32,95;78,04
20,86;42,29;51,04;34,06;81,00
11,64;32,47;55,69;26,01;54,53
7,75;27,27;55,94;24,16;53,14
7,94;26,57;50,72;25,28;49,69
10,35;31,74;50,90;29,32;44,95
7,71;28,33;54,07;33,08;61,50
8,89;30,35;58,34;38,96;82,43
5,44;19,49;44,76;19,06;27,87
8,90;31,67;47,58;26,60;47,34
10,18;22,03;54,16;27,60;46,23
6,67;19,56;54,15;26,66;44,93
8,04;26,87;46,34;31,08;52,83
7,56;23,85;44,52;27,94;44,91
9,78;25,00;44,04;36,16;54,22
12,53;25,00;47,68;28,96;50,21
8,63;22,51;58,34;37,20;51,30
9,56;19,68;62,18;41,43;51,72
8,61;19,70;60,80;45,39;53,18
11,30;23,23;45,11;30,96;41,32
20,54;21,59;40,49;22,83;40,32
14,52;19,69;45,26;31,16;42,89
12,60;23,38;41,32;31,43;56,95
18,01;21,64;53,44;32,17;57,74
7,59;13,74;51,95;21,04;34,64
10,77;17,95;46,47;21,67;34,79
12,50;24,51;44,14;34,25;63,65
13,52;25,14;50,51;25,14;41,23
19,42;26,78;58,91;29,04;71,16
15,69;29,67;53,19;30,82;86,14
20,03;24,20;56,59;32,79;82,20
13,52;23,66;55,34;26,83;64,55
7,67;15,16;59,88;23,23;57,09
9,00;15,77;48,24;20,05;50,16
18,74;25,89;45,71;31,21;71,57
11,90;25,29;53,66;28,06;74,63
13,22;20,56;62,19;25,01;59,88
14,72;28,67;52,94;28,52;67,95
27,30;25,94;58,47;32,73;68,89
10,90;20,28;50,11;25,24;50,84
9,24;21,80;56,36;20,24;39,39
17,46;21,92;33,27;22,51;39,61
10,90;20,98;42,77;19,32;34,88
12,03;22,03;45,92;19,98;44,09
11,66;18,68;41,17;18,81;38,94
11,09;24,91;39,96;22,46;51,53
23,60;20,91;50,25;23,51;55,95
12,56;22,78;49,08;22,71;54,83
13,27;19,78;52,18;25,67;56,91
19,96;25,13;43,06;24,74;52,63
11,49;21,90;43,41;28,81;51,40
8,84;17,23;52,13;20,16;32,15
9,82;18,17;47,33;25,34;45,89
14,50;19,07;44,26;22,90;42,52
10,10;17,17;48,84;25,61;44,86
7,34;19,33;50,35;29,78;64,29
19,11;23,75;50,86;31,76;53,46
15,51;22,25;51,06;35,64;58,50
14,44;19,69;29,58;22,88;29,91
13,55;16,14;29,57;24,19;38,96
9,05;16,51;42,76;22,15;37,35
8,01;19,62;37,37;23,26;39,98
12,50;22,40;45,36;28,24;52,23
8,40;18,05;53,24;29,75;45,47
8,16;16,73;44,65;21,68;35,66
12,63;19,78;46,25;27,19;49,35
15,38;19,38;54,56;35,27;61,22
13,16;19,95;53,52;30,81;59,45
8,83;16,09;52,51;27,59;48,37
17,66;18,16;53,85;39,08;87,54
11,02;17,77;52,33;29,29;46,87
13,94;21,22;49,28;44,19;63,03
11,51;14,81;54,82;41,11;72,79
13,23;15,62;49,41;27,78;47,98
18,22;14,85;51,76;37,54;64,66
7,59;12,91;39,16;35,25;62,53
7,23;11,51;37,99;28,14;50,46
7,81;17,12;43,69;27,30;47,01
29,58;18,29;46,52;30,88;55,73
10,69;17,61;46,24;43,32;64,95
9,07;17,79;42,87;29,63;48,98
13,28;21,83;48,39;30,67;50,61
13,58;22,27;49,39;30,77;52,39
11,67;22,54;51,22;29,09;49,76
15,06;22,52;53,38;33,77;53,33
12,52;22,05;52,45;32,43;53,49
11,29;25,33;50,48;28,42;47,06
15,55;25,23;51,54;29,80;51,66
15,08;29,74;54,14;32,28;55,90
13,29;29,62;54,37;28,54;50,86
15,91;25,49;55,07;34,84;58,73
14,50;24,39;58,52;31,56;53,84
11,23;19,86;57,75;36,94;53,44
15,91;25,19;55,30;42,67;63,63
22,92;23,93;51,08;35,59;55,03
20,94;19,16;46,20;25,82;46,05
13,89;17,01;38,64;27,89;46,04
19,48;16,99;37,49;21,79;38,92
20,48;18,60;36,12;28,28;43,76
26,12;20,86;42,39;26,89;38,11
24,47;25,20;38,98;28,39;47,66
12,33;20,74;49,88;42,36;53,88
16,27;16,61;43,21;37,24;46,26
14,45;21,44;42,90;44,60;56,63
9,55;21,68;47,75;31,53;52,22
24,21;21,64;47,23;35,88;46,75
28,49;25,16;46,78;37,82;58,12
30,58;22,20;42,35;40,40;54,66
15,06;22,75;48,24;28,28;51,99
11,59;26,54;46,35;37,23;50,92
11,31;27,24;46,69;32,49;47,86
26,16;29,44;48,20;37,85;56,29
12,91;25,83;50,06;35,19;61,95
13,36;32,72;57,23;44,28;80,33
17,09;35,06;49,30;40,26;69,30
18,01;31,95;49,07;49,12;78,64
15,73;29,57;43,00;42,40;65,29
11,55;28,29;41,62;44,32;72,56
11,85;22,72;37,98;32,06;54,53
10,65;27,29;54,78;40,18;62,67
8,60;24,47;36,61;49,34;62,13
7,94;23,92;35,68;46,64;90,40
4,31;13,05;35,71;14,35;27,56
7,98;19,62;32,52;15,67;29,23
13,47;27,06;30,49;25,33;47,90
11,92;27,96;35,04;42,27;76,03
13,33;29,64;37,06;52,35;81,87
10,89;25,67;33,58;37,84;63,47
10,00;26,99;30,82;43,91;69,14
16,65;24,89;37,83;48,15;63,72
14,09;22,51;29,96;46,05;62,93
9,71;22,30;30,65;28,83;43,17
9,68;22,29;24,15;35,51;51,57
9,08;23,84;27,65;30,71;45,37
10,92;20,62;25,68;19,66;35,63
16,77;25,49;25,30;27,72;44,42
12,91;23,46;28,69;31,65;49,33
16,78;26,03;30,70;29,10;45,85
21,45;29,11;36,54;32,15;48,94
19,83;26,92;32,39;24,39;46,15
18,16;26,49;38,17;34,32;53,18
21,43;26,44;39,05;34,00;51,29
21,87;20,89;32,84;21,86;30,39
14,07;18,90;29,08;28,00;41,57
11,09;19,51;32,84;26,45;55,42
19,44;26,72;35,28;22,17;46,24
13,13;23,76;29,09;29,80;47,86
13,63;21,98;28,38;27,32;43,04
13,92;23,99;34,87;28,60;47,32
23,14;25,79;42,41;33,06;50,61
16,41;23,46;40,17;23,99;39,03
24,99;20,60;39,44;21,55;37,36
14,42;24,95;32,29;24,56;35,89
9,37;20,92;32,63;24,28;38,99
28,59;30,53;36,51;35,75;55,20
16,75;26,49;29,83;26,75;39,76
7,92;25,02;27,87;29,61;38,95
5,32;14,70;35,79;17,63;28,58
11,82;20,16;30,05;18,34;38,65
10,78;21,38;31,20;23,17;41,24
18,20;31,23;37,03;36,86;64,06
12,00;21,85;31,81;27,93;45,50
31,74;31,50;29,17;31,85;54,62
22,48;35,13;38,07;42,12;72,01
21,49;24,31;40,47;29,84;55,07
20,73;25,03;31,98;21,27;39,96
18,86;27,32;35,99;32,28;56,69
25,95;31,86;38,90;41,50;68,29
11,19;24,02;31,60;28,38;65,03
6,82;16,98;31,42;16,97;25,58
9,14;24,12;28,17;29,96;40,72
8,18;17,95;35,86;16,01;28,38
21,50;20,69;34,46;19,49;42,34
28,56;23,50;32,36;22,41;40,86
25,07;32,76;28,96;26,73;44,47
20,38;26,91;38,93;28,44;43,21
31,09;29,75;37,70;28,48;45,32
32,24;24,90;34,68;18,36;33,63
11,43;18,21;43,57;16,84;29,92
11,86;15,86;42,57;18,33;41,59
8,74;19,68;43,69;13,40;21,00
14,12;16,56;34,09;18,55;28,51
13,87;23,97;35,17;32,71;41,80
11,43;24,70;35,08;32,30;54,42
27,13;33,61;38,19;36,97;73,17
24,92;30,13;40,46;34,35;65,32
13,54;26,47;44,23;36,35;63,31
30,75;36,33;38,28;36,07;76,80
17,06;25,12;46,48;29,27;58,47
21,02;26,14;42,00;26,81;51,76
19,44;30,58;38,77;26,30;59,64
10,95;26,93;36,70;30,84;66,37
13,35;23,57;40,86;27,96;65,11
7,02;20,66;41,99;18,99;38,36
12,03;26,94;33,35;22,95;40,98
14,26;25,04;29,34;27,53;44,34
7,39;24,90;29,83;26,81;42,70
10,60;27,08;30,32;27,07;42,34
18,92;21,72;38,66;21,36;38,78
12,04;22,96;32,29;22,79;40,50
10,68;23,21;32,76;22,57;34,00
20,05;27,97;29,14;29,24;48,03
14,60;25,73;36,12;35,71;59,72
16,82;33,20;39,86;37,62;65,47
19,27;36,55;49,06;39,27;67,76
12,45;32,06;39,52;36,58;65,15
12,48;30,98;35,59;38,21;75,25
14,14;29,96;41,62;41,29;77,38
20,62;34,39;38,87;41,86;85,33
22,03;33,40;38,97;43,28;87,26
15,97;34,23;39,85;42,97;87,59
19,02;38,32;33,05;48,47;102,09
24,45;42,12;26,58;41,02;91,70
16,76;37,74;34,12;38,17;81,98
14,29;30,98;39,69;38,15;69,47
13,02;31,84;41,57;34,42;72,73
9,26;23,65;31,94;36,80;62,67
26,99;45,90;22,09;56,04;97,66
19,71;43,28;29,14;64,30;109,68
11,01;37,85;25,98;55,23;101,65
10,24;32,65;26,65;46,62;95,61
8,25;20,44;26,84;31,02;61,79
25,97;30,91;21,15;27,62;57,70
17,17;40,13;28,65;40,99;86,15
14,00;36,11;29,52;53,74;95,91
23,32;35,27;26,07;73,27;119,61
25,13;55,02;35,14;68,64;121,96
22,46;46,31;42,59;65,72;92,80
27,49;50,24;41,08;64,34;95,48
27,57;52,41;30,75;68,39;104,01
22,19;48,64;26,73;71,19;114,61
20,61;37,05;29,66;59,72;100,72
25,62;44,83;23,71;54,60;104,60
13,11;40,01;38,37;54,56;99,35
18,52;37,50;23,63;51,87;89,97
19,96;30,86;30,76;34,34;70,49
20,21;39,55;35,80;36,02;69,74
20,94;39,35;32,81;42,85;91,32
10,67;30,45;33,60;39,85;90,96
10,69;33,12;27,47;41,88;82,86
4,96;22,38;31,09;26,08;69,44
3,66;9,80;31,79;12,14;22,46
10,43;18,39;29,19;19,35;35,86
21,35;43,01;22,31;52,86;84,72
21,69;48,48;29,92;75,78;118,50
37,29;55,41;22,45;66,20;109,98
29,09;56,57;33,17;73,53;124,27
14,15;40,54;27,36;45,63;82,54
16,73;42,25;22,75;58,14;94,95
16,29;44,10;16,53;62,26;94,52
19,13;47,10;22,50;51,70;90,04
20,36;44,90;27,61;47,19;95,48
22,75;44,15;28,23;45,88;88,18
16,66;35,44;33,91;50,58;97,26
8,12;26,39;39,52;30,13;81,19
8,45;25,03;35,80;26,81;38,79
4,86;15,97;34,10;23,28;24,55
5,82;25,11;22,40;25,74;35,54
11,15;35,19;23,21;39,35;56,66
11,03;31,79;27,01;43,93;64,02
28,19;52,19;19,00;56,86;95,15
15,74;44,40;26,34;60,31;98,65
14,73;40,09;27,09;54,18;84,30
15,98;38,26;31,73;43,60;70,11
20,71;49,53;35,99;57,09;89,32
24,38;56,50;39,16;63,59;99,76
19,25;45,07;37,44;53,70;94,28
19,55;48,63;35,89;58,09;98,00
11,67;36,76;46,07;38,24;69,18
13,00;27,90;42,80;31,33;67,12
29,62;18,58;39,96;15,43;20,60
20,82;35,92;24,85;30,22;56,14
12,03;35,97;34,94;46,27;79,20
15,80;38,68;33,20;44,52;82,55
24,06;41,19;41,55;42,92;75,46
11,46;35,05;50,34;35,47;79,77
4,85;12,64;45,36;20,75;47,18
3,53;5,31;43,84;8,20;21,16
12,74;15,65;34,62;12,34;26,54
24,83;31,59;28,77;28,70;50,89
16,66;34,84;30,49;28,12;62,35
23,60;46,27;30,90;53,72;101,11
20,04;42,37;38,58;52,00;92,45
15,81;32,52;45,68;42,15;73,56
7,76;22,83;46,24;31,16;59,92
8,39;30,95;38,75;29,64;60,81
8,12;34,82;41,82;33,05;77,54
19,20;38,46;31,03;43,44;77,31
17,06;40,71;40,42;47,02;91,01
11,62;36,08;34,70;50,01;101,38
8,82;27,97;35,21;36,98;82,22
11,29;29,33;38,52;35,83;70,71
8,95;39,03;38,59;47,67;87,56
12,53;41,08;40,58;46,14;84,19
5,61;24,71;42,10;24,49;52,89
23,54;54,80;27,42;50,10;101,84
28,53;57,79;35,29;67,65;124,84
41,23;61,28;41,43;70,26;123,01
22,69;36,23;57,94;52,29;112,05
4,88;12,09;49,19;20,01;55,79
5,73;6,40;42,50;9,74;19,38
9,97;15,59;40,58;18,36;23,95
5,84;22,47;35,15;27,38;41,02
14,50;30,62;34,94;31,70;53,76
6,90;21,10;55,28;28,32;82,59
6,38;8,22;47,23;21,34;66,43
16,21;33,78;37,00;31,83;56,09
19,56;44,78;45,13;54,33;90,98
16,47;40,50;59,70;54,10;109,98
9,62;17,78;45,53;16,60;43,45
39,42;38,47;39,95;35,35;93,26
10,96;26,33;57,85;36,26;83,87
10,40;24,50;58,14;26,03;61,94
13,32;42,09;50,93;40,73;92,50
22,05;47,68;59,31;47,25;101,06
19,89;43,62;55,05;44,04;103,86
13,11;45,57;59,99;45,29;93,30
14,84;48,92;58,80;45,57;93,33
11,83;31,57;79,63;39,46;96,10
17,53;24,31;47,18;31,03;89,30
12,60;33,57;49,08;34,80;81,93
15,19;44,96;44,68;41,42;94,20
15,47;48,65;49,03;44,33;96,77
16,16;42,59;65,67;45,03;95,77
23,68;37,31;69,67;40,50;100,56
8,73;20,49;57,00;21,21;78,84
22,51;31,84;55,39;33,40;75,96
9,05;23,81;47,68;20,91;62,62
14,00;30,24;46,04;29,72;89,62
6,50;21,41;47,92;23,56;72,66
11,93;27,94;40,83;19,52;34,57
11,90;30,61;55,51;22,56;29,97
10,58;36,68;51,96;36,62;64,83
10,75;31,17;61,61;34,00;55,49
8,15;23,05;53,86;18,16;38,57
20,16;33,42;51,52;25,48;51,36
6,68;27,05;74,02;24,67;48,94
7,24;27,82;69,89;31,87;76,45
17,75;26,37;41,62;29,55;74,53
21,94;25,48;32,69;21,36;36,68
30,54;26,17;41,79;18,53;32,62
27,91;36,67;45,66;22,82;55,59
10,39;31,45;51,92;25,35;51,21
8,53;30,02;54,70;23,22;49,70
14,65;33,71;69,61;30,88;75,89
14,84;31,46;76,94;30,62;62,83
6,81;22,84;86,12;26,77;50,89
7,45;21,67;46,37;15,04;23,40
7,46;22,07;43,63;15,38;27,02
19,93;33,58;50,04;23,84;40,47
10,06;30,02;69,01;25,32;54,25
11,92;27,12;81,11;32,84;98,55
6,24;19,49;84,93;18,55;55,40
21,74;18,85;42,06;10,99;37,53
11,23;27,76;42,74;18,03;32,60
9,58;38,53;59,68;25,76;55,82
23,36;46,81;79,82;34,92;79,29
22,66;46,97;80,62;39,88;90,45
16,73;42,40;67,99;33,50;78,21
14,41;42,89;71,20;36,31;82,52
16,02;36,26;86,39;36,66;77,07
12,01;30,13;90,90;19,60;51,77
10,85;21,15;82,15;36,75;78,29
7,63;21,50;64,73;39,02;66,38
10,86;20,84;79,60;31,55;46,41
12,44;27,76;76,54;41,56;56,99
5,68;19,99;67,99;19,69;26,78
19,76;27,45;66,77;41,48;53,38
11,22;21,87;71,69;44,96;51,19
6,33;28,67;57,52;31,55;44,19
8,47;24,21;77,81;28,20;42,18
9,39;21,90;87,97;17,91;31,29
3,42;18,41;72,42;12,77;24,88
12,27;27,89;65,32;19,92;44,21
8,40;22,27;67,20;23,27;43,39
4,75;20,62;84,81;21,60;34,81
4,39;21,48;61,76;20,31;34,17
12,00;27,14;51,01;25,96;53,13
8,77;22,73;41,91;18,57;37,41
3,58;18,21;46,75;14,34;29,47
3,87;27,90;51,48;22,28;39,97
8,33;26,85;50,74;38,19;51,76
5,89;19,80;64,79;18,99;30,40
7,82;21,91;60,22;17,89;30,66
5,75;18,71;62,27;13,90;40,38
10,21;19,15;48,76;10,01;31,69
30,61;30,41;40,66;24,24;40,22
12,89;30,54;52,22;22,38;44,66
11,59;20,94;61,59;17,80;38,32
11,67;25,42;54,93;19,19;39,74
8,07;24,82;61,82;16,37;45,14
5,18;28,14;58,33;23,01;54,85
21,07;30,30;60,45;31,77;74,52
34,45;34,41;34,68;23,39;39,07
10,75;24,41;52,59;15,65;30,45
10,60;29,43;66,00;24,31;39,22
6,87;27,96;78,52;23,21;37,10
4,52;21,12;74,31;24,31;37,32
7,85;31,13;69,86;28,92;51,23
21,72;40,79;81,71;28,20;48,07
7,13;36,79;79,44;20,69;32,12
6,71;33,96;80,36;25,08;46,23
6,05;34,30;82,34;17,78;34,84
13,12;28,00;70,76;27,41;40,91
5,45;29,34;56,91;20,47;37,55
7,58;37,87;59,46;21,97;53,04
6,74;34,21;61,30;25,35;56,81
12,79;24,92;81,57;18,49;41,80
7,41;22,34;85,68;21,45;33,99
6,23;18,94;75,55;23,86;29,76
3,81;19,31;57,66;16,36;25,21
8,72;27,90;53,57;24,20;54,66
16,03;29,60;68,61;28,37;53,84
7,02;16,87;68,19;20,12;38,74
8,37;19,57;67,07;16,68;36,69
14,36;28,27;64,45;24,14;64,51
17,87;22,16;44,95;22,31;39,88
5,24;13,91;52,05;22,68;34,28
3,90;16,55;60,54;16,79;28,14
7,06;32,22;53,51;24,14;38,84
10,44;21,51;71,51;19,16;31,16
9,35;20,12;74,08;21,40;34,10
6,85;25,48;71,74;17,54;49,47
11,12;23,46;71,87;15,46;35,03
21,34;23,70;79,96;17,30;34,77
13,31;20,23;87,08;15,47;34,04
14,92;21,34;67,95;15,24;22,93
24,80;22,91;28,51;20,05;33,94
16,09;18,40;40,46;17,49;28,96
33,32;29,32;44,80;31,79;44,50
9,11;23,20;45,49;27,05;40,45
6,79;18,47;54,35;22,50;30,42
31,62;28,00;50,18;25,91;39,71
15,76;27,38;54,56;27,80;41,08
5,57;18,81;69,06;18,21;35,22
10,94;19,40;71,92;17,93;31,63
19,87;28,75;65,64;23,47;34,66
9,80;27,91;53,37;29,20;46,03
15,38;24,49;59,81;25,38;39,94
11,63;28,29;58,00;34,51;53,75
13,25;16,07;63,77;44,17;62,81
8,02;14,15;52,21;30,80;38,97
4,86;17,78;49,60;22,77;35,06
5,44;19,49;53,56;36,48;54,59
8,42;23,89;59,37;29,01;48,53
10,32;18,12;69,52;36,23;50,09
9,58;18,70;63,58;26,92;40,94
12,94;23,20;57,37;32,48;46,86
10,45;15,61;50,32;18,90;25,23
6,86;18,05;54,51;24,58;37,99
14,68;24,94;44,73;24,09;40,69
21,44;24,08;44,41;30,13;48,77
9,21;20,94;47,63;28,98;49,65
13,80;29,54;53,34;38,13;61,15
7,14;23,07;57,90;31,22;51,77
7,77;26,27;57,28;22,59;48,24
9,06;19,01;69,78;25,78;48,44
7,85;20,37;64,41;25,82;51,09
21,15;18,30;44,73;19,48;29,67
19,94;14,59;44,58;14,18;24,20
32,96;21,08;52,00;14,18;31,37
19,60;18,33;39,29;24,09;48,99
17,47;17,08;31,36;15,71;31,82
7,29;17,89;42,98;16,54;33,83
3,42;18,00;28,49;29,12;36,92
10,88;15,99;35,62;28,12;35,41
18,02;17,55;36,59;20,47;29,30
12,51;16,00;39,60;14,38;31,80
26,30;19,29;37,62;17,15;34,88
44,10;28,40;55,48;19,14;33,51
25,93;35,02;85,18;31,43;57,54
8,63;26,15;76,66;27,91;48,90
11,79;21,66;77,45;32,63;52,70
7,63;14,76;66,76;26,90;43,72
7,81;20,37;74,54;26,65;41,09
13,98;28,56;70,07;26,27;40,11
7,37;24,15;57,86;28,82;43,23
9,89;20,98;53,75;23,39;35,44
16,44;20,41;46,93;16,87;26,67
27,02;29,07;46,93;20,42;39,42
8,13;32,63;54,92;27,65;55,42
6,62;26,66;53,83;15,08;25,96
19,66;35,40;57,71;21,01;35,61
7,83;24,16;53,62;20,43;33,41
9,08;24,55;54,34;17,63;34,63
7,20;26,40;48,46;19,36;38,02
15,05;24,96;61,31;16,53;29,90
7,00;21,14;47,66;25,26;38,81
7,90;27,50;47,45;28,33;42,27
29,76;30,62;48,99;30,67;47,02
25,69;38,95;50,04;30,64;49,28
11,89;39,67;47,17;39,63;63,01
23,42;42,50;58,71;36,23;66,16
23,53;32,99;48,30;29,93;42,95
32,20;28,90;43,69;21,54;34,59
7,56;25,32;46,83;25,26;44,08
8,59;27,72;55,16;20,83;46,32
6,17;22,31;55,74;16,37;35,89
19,38;34,97;49,87;22,80;54,53
5,49;25,89;50,22;20,80;51,69
6,96;27,56;47,69;23,17;46,49
11,39;30,29;53,51;34,10;58,38
8,06;33,74;49,76;35,01;59,18
23,54;37,01;62,99;39,39;72,79
22,28;46,47;56,96;27,56;50,58
10,06;26,56;63,02;22,99;48,57
14,20;26,81;48,03;18,23;28,72
18,16;26,98;45,02;23,24;34,48
35,57;27,16;41,20;33,66;47,50
35,46;28,01;37,48;21,99;41,49
12,54;25,04;54,84;25,49;44,30
5,92;24,34;56,36;20,41;37,69
7,09;35,03;48,14;31,48;58,18
10,32;31,80;58,48;25,05;49,05
8,74;18,87;73,82;20,50;37,75
18,25;17,81;41,72;22,14;36,86
39,18;29,85;33,96;34,19;52,06
19,34;31,67;43,10;36,81;61,44
17,59;28,69;51,43;42,63;64,34
38,02;30,08;35,15;26,56;43,68
19,30;29,36;39,61;20,65;40,00
8,49;20,43;53,96;17,42;32,27
10,64;26,87;58,22;21,62;37,98
23,82;30,16;51,07;33,31;61,21
11,92;41,53;49,80;31,72;63,72
11,13;34,95;47,29;35,07;67,82
9,48;28,81;49,97;34,04;64,64
23,98;42,21;45,56;37,34;74,24
13,31;25,50;54,25;27,28;49,62
21,82;21,61;65,17;26,47;42,36
27,73;26,18;58,16;28,02;42,36
26,85;30,31;31,83;25,15;33,23
9,17;22,88;42,83;17,49;32,26
8,50;28,25;46,41;20,85;37,70
10,70;26,23;50,27;27,24;47,09
13,26;24,67;44,60;36,24;52,55
6,57;15,57;44,77;17,63;33,55
8,88;23,08;42,32;18,35;34,02
10,30;25,20;49,59;27,33;45,35
4,80;25,64;39,94;16,90;27,04
22,13;24,96;44,12;20,43;33,78
37,07;31,55;41,78;20,97;40,97
14,07;33,89;54,97;28,26;49,49
13,77;39,62;55,13;22,05;46,02
10,93;41,53;62,84;23,59;50,49
18,27;47,36;55,51;37,58;73,24
11,94;29,47;52,79;17,98;39,68
23,74;28,26;34,98;20,05;38,77
6,77;29,45;34,73;19,09;28,22
7,72;20,38;48,65;15,34;25,02
19,90;26,72;55,82;19,63;33,17
13,44;31,80;53,76;22,89;40,19
10,83;31,43;50,47;29,14;52,98
18,96;38,27;47,15;27,48;39,74
12,48;24,76;52,20;17,90;33,36
11,36;22,17;42,22;14,48;18,90
8,83;26,01;45,13;20,91;29,27
5,38;15,99;58,07;17,04;25,89
7,25;19,85;46,95;10,60;19,72
15,07;28,46;36,66;19,05;31,75
20,38;35,26;31,49;29,65;52,77
37,25;51,34;41,05;45,25;79,76
23,21;37,45;37,20;32,04;54,80
31,15;44,58;38,83;38,74;61,91
9,52;34,08;45,19;27,84;49,67
20,17;36,36;47,39;27,96;61,15
29,71;41,03;42,66;33,67;60,85
26,34;39,62;56,78;41,52;67,66
14,45;32,59;50,76;37,76;75,18
12,50;39,50;47,59;33,06;71,72
6,54;25,66;44,10;18,02;39,77
18,21;28,24;36,61;16,11;31,84
43,66;46,50;27,16;32,48;64,56
23,47;41,69;39,74;30,29;63,30
19,54;40,93;48,37;34,95;72,78
8,92;39,09;44,56;35,45;75,53
11,11;35,27;41,09;29,51;66,23
11,96;27,73;42,65;26,26;48,64
13,55;31,19;45,55;29,00;47,10
23,28;41,00;44,99;38,24;61,75
16,39;37,69;47,67;47,26;77,62
21,10;42,71;47,40;45,48;76,96
25,46;45,95;41,63;45,34;78,21
17,90;34,50;40,05;38,50;68,69
29,71;32,58;42,61;27,56;40,42
10,65;33,45;42,47;36,05;57,19
16,70;37,88;35,71;51,54;84,88
29,57;48,19;33,02;51,10;86,12
18,11;39,45;37,08;44,72;78,51
20,77;48,40;32,09;45,44;90,91
19,20;45,75;34,81;38,00;68,55
18,83;41,19;42,26;40,50;72,42
15,72;35,64;44,38;37,14;70,39
13,42;33,96;56,57;36,04;72,40
8,94;34,86;39,91;35,19;65,11
14,43;35,61;30,95;29,12;57,62
12,49;32,71;32,47;34,56;66,05
15,53;45,18;30,76;40,01;67,65
21,57;39,59;45,68;38,32;83,91
12,38;23,30;59,27;29,29;72,45
6,02;28,99;38,65;26,23;50,35
11,90;38,34;28,82;37,68;72,74
12,51;38,50;33,91;42,70;77,83
23,80;53,09;26,69;44,55;77,54
28,70;49,38;39,72;52,29;84,74
15,48;31,72;49,19;30,22;62,70
6,63;18,65;43,72;17,74;33,25
31,39;37,57;34,04;29,75;53,24
17,65;45,99;43,84;45,65;81,13
8,78;49,03;43,22;64,20;101,06
13,61;48,63;39,05;58,94;91,67
13,91;48,32;41,58;55,68;88,39
11,25;32,77;34,37;38,22;64,44
20,94;43,87;42,79;49,14;76,27
26,34;45,47;40,91;63,53;91,16
24,00;47,60;37,24;43,39;71,84
12,42;42,40;30,82;56,48;84,74
46,98;64,14;24,05;61,86;103,10
27,60;70,05;38,22;74,78;109,58
40,55;59,03;35,87;75,60;114,78
25,94;52,15;51,29;64,55;104,43
18,02;55,37;39,94;65,77;100,82
11,10;42,14;39,53;43,81;78,41
12,57;38,66;53,94;34,23;64,59
7,73;33,03;53,16;31,31;60,81
20,01;47,75;35,20;38,66;65,36
15,49;41,02;42,20;49,70;78,79
10,33;40,59;44,77;41,69;69,70
19,24;46,22;43,97;38,93;70,29
22,16;46,15;51,48;36,65;67,04
21,38;51,42;45,81;40,98;83,01
21,18;48,76;47,14;48,25;90,82
14,13;33,71;39,39;28,57;58,84
9,47;37,40;37,76;34,37;56,88
20,38;48,06;35,10;51,24;75,01
12,65;48,39;44,27;51,93;85,23
15,61;49,32;40,77;56,04;97,09
25,47;34,73;43,14;36,03;65,37
38,01;45,52;22,42;50,13;84,43
16,28;47,68;33,00;48,13;90,05
7,21;37,24;31,26;40,13;69,02
24,57;42,78;29,36;47,47;81,33
25,99;49,52;47,02;49,53;91,36
16,88;48,82;42,49;49,07;86,10
28,49;55,02;34,24;45,36;94,74
13,92;32,70;50,74;41,23;98,66
12,59;26,92;56,62;23,80;67,60
7,15;19,57;54,51;17,80;37,32
22,97;32,90;38,60;27,03;47,27
20,14;43,43;42,59;36,84;73,49
8,72;33,00;51,79;29,61;61,73
13,07;44,09;47,19;43,05;79,81
15,44;50,14;41,96;46,11;98,33
15,72;48,15;47,49;50,07;108,30
10,39;43,33;50,86;40,76;86,09
8,68;28,29;50,84;29,04;60,57
19,87;36,06;38,42;37,84;69,19
27,90;47,31;32,18;55,64;98,20
41,71;56,45;33,12;52,84;86,25
48,14;60,96;25,25;54,40;95,30
54,17;59,84;21,76;46,29;82,13
38,40;55,38;31,86;48,12;82,66
27,36;43,20;43,60;32,94;59,97
34,60;49,03;32,31;37,04;65,23
17,60;45,63;46,58;36,83;73,83
21,17;41,98;43,23;31,06;77,88
14,39;31,54;54,03;25,10;75,25
8,63;26,51;58,19;15,48;34,48
14,04;33,37;40,16;27,44;46,41
8,27;21,30;56,54;27,18;49,41
6,94;23,34;43,82;19,49;39,84
10,63;37,75;42,63;29,31;57,20
6,52;31,69;42,16;18,22;39,76
15,63;43,70;37,54;22,43;54,22
5,66;34,77;41,16;24,55;48,13
9,52;36,97;40,02;28,98;63,02
5,59;20,67;46,08;11,86;27,14
28,45;56,55;33,76;34,08;64,01
11,76;37,18;42,50;25,35;50,01
19,83;30,89;68,62;29,73;96,06
6,70;33,56;43,12;19,16;48,12
11,33;42,29;42,07;30,22;68,41
10,51;33,91;55,60;32,33;65,19
13,32;35,61;60,07;35,27;65,00
9,50;36,23;64,22;29,98;59,02
17,43;50,64;61,72;37,24;68,88
16,76;45,71;63,37;37,34;66,84
16,09;37,35;62,83;31,02;64,47
12,78;29,47;54,60;32,89;109,13
7,26;23,32;48,29;16,65;36,47
9,14;30,72;43,93;22,39;39,32
20,97;62,64;45,32;36,45;64,35
13,84;51,46;52,37;28,44;66,61
13,00;43,40;55,95;29,94;68,69
13,38;50,35;49,04;31,26;69,32
17,17;44,41;43,19;39,75;77,80
15,48;50,07;57,00;37,82;71,61
22,66;35,52;65,90;33,69;58,01
12,66;40,54;68,17;35,18;93,79
11,96;43,38;56,56;39,68;96,37
14,25;41,59;64,57;41,58;77,76
8,03;41,59;68,36;39,54;81,19
7,44;37,18;76,11;43,45;91,20
8,40;41,12;77,55;35,63;67,64
13,03;38,55;71,29;37,07;102,38
16,49;49,03;45,72;27,95;67,33
12,09;38,53;50,05;33,89;71,46
13,24;42,86;44,16;37,92;79,71
13,67;33,14;78,80;39,97;96,78
10,13;30,62;79,20;39,65;105,72
14,08;15,89;46,36;11,55;46,83
41,18;30,00;28,71;22,16;43,64
5,98;24,03;62,83;24,65;45,51
7,54;27,82;65,59;30,06;52,44
7,78;32,67;61,18;27,30;61,20
8,81;32,07;59,11;25,25;66,85
10,28;25,62;80,54;23,99;66,18
6,67;13,18;59,75;11,49;32,65
17,44;21,93;60,33;18,44;52,01
25,42;27,86;42,33;24,08;44,26
58,02;46,45;38,05;32,65;57,77
31,95;43,00;45,43;30,18;66,00
27,93;38,92;56,98;39,89;74,42
18,71;36,33;58,20;38,39;67,68
10,76;29,76;54,09;38,57;63,85
12,70;24,22;63,11;28,96;64,38
10,98;25,92;51,53;30,40;60,64
8,96;27,37;54,42;26,89;44,46
7,26;26,14;55,27;23,75;44,12
10,57;29,91;53,11;27,08;59,47
9,11;31,51;70,42;26,53;46,23
9,16;23,69;69,45;27,37;55,75
6,73;20,86;56,42;17,13;40,24
14,68;23,86;69,06;22,37;44,45
7,68;22,24;55,72;23,80;47,61
5,58;21,25;58,64;25,20;62,09
7,04;28,34;63,56;22,28;39,05
6,24;26,03;53,60;20,67;45,09
15,41;25,94;44,53;21,29;37,04
4,64;17,59;46,34;13,82;18,87
4,84;23,45;63,08;16,93;30,08
20,91;30,05;52,57;22,89;34,14
7,50;28,05;50,05;21,02;33,32
4,64;23,24;56,46;19,98;31,32
4,74;23,91;61,08;21,41;32,34
3,59;20,46;66,17;15,85;26,11
7,65;25,03;61,90;20,60;31,08
11,97;25,36;51,12;14,68;22,48
8,84;29,84;55,29;17,19;25,84
5,77;24,02;58,78;15,54;33,62
6,68;21,05;67,21;14,78;36,99
14,37;24,52;55,19;14,29;32,66
17,78;28,62;53,48;18,99;39,12
13,91;25,07;55,31;19,10;35,87
7,45;25,91;64,21;19,81;36,98
11,33;31,81;75,31;21,22;41,89
11,52;33,32;76,63;28,82;63,59
7,99;26,61;66,70;17,17;39,46
11,70;35,40;46,28;20,35;70,20
10,12;31,04;49,00;22,08;49,91
8,84;24,66;55,54;22,67;51,41
6,29;21,81;53,84;17,49;32,36
7,12;26,21;64,78;16,16;35,58
8,53;23,36;74,48;19,80;44,87
8,02;27,98;73,59;18,77;39,71
12,30;26,79;71,31;17,98;41,09
6,34;21,31;73,39;23,95;55,82
7,77;17,74;69,74;15,88;32,64
15,28;30,54;59,62;15,99;34,94
10,14;24,10;64,34;22,52;52,19
8,05;20,51;71,78;18,83;36,99
11,33;26,01;67,38;17,90;28,89
15,03;27,96;62,28;18,32;27,95
10,33;23,42;65,18;19,18;30,62
14,81;23,31;68,31;24,19;37,79
10,82;26,15;55,68;23,03;34,23
17,44;24,96;72,03;20,70;46,23
23,69;33,09;72,10;24,38;46,06
14,06;28,44;55,15;18,13;36,99
12,20;26,53;43,63;18,02;26,34
7,95;20,69;70,19;17,71;43,43
6,15;30,89;87,47;11,53;18,98
5,16;24,12;70,75;19,49;31,19
3,68;24,28;51,31;18,92;34,42
4,68;31,28;60,94;21,93;33,87
15,72;38,36;60,90;29,91;40,33
5,47;35,98;53,69;24,95;37,40
4,70;28,92;53,20;20,05;32,44
5,31;27,52;57,23;18,60;25,64
10,29;28,11;61,34;21,25;29,36
10,06;34,59;44,06;21,67;24,71
3,71;20,70;78,27;15,65;24,50
4,10;36,62;57,54;16,02;24,27
4,61;35,56;54,78;19,59;30,47
6,19;30,85;63,75;18,58;29,15
4,22;24,58;68,76;14,40;24,06
5,40;26,74;59,47;12,80;23,73
8,83;28,65;56,15;21,59;37,69
5,31;24,23;69,93;13,47;21,66
6,12;26,58;68,80;12,04;18,20
10,47;35,97;59,37;29,87;39,14
16,44;40,04;65,16;42,57;56,17
13,37;27,52;76,21;32,03;53,01
11,50;31,57;71,52;31,36;42,42
9,74;23,34;57,57;32,02;45,43
8,70;20,09;54,06;25,75;37,87
6,62;18,35;48,75;21,73;34,71
13,04;22,96;59,05;20,42;33,99
8,95;19,45;57,39;20,41;33,71
15,06;18,91;46,68;13,16;24,55
16,46;20,55;54,67;19,19;28,00
17,80;20,26;52,23;15,17;28,90
22,36;23,08;44,24;22,67;32,34
18,23;22,36;58,85;14,55;26,32
28,39;30,05;62,77;20,15;31,65
23,17;28,87;58,12;22,84;35,10
9,68;22,32;65,23;20,35;29,95
5,03;21,92;74,23;19,10;30,18
12,99;30,63;69,93;32,13;48,49
19,88;37,40;45,77;34,02;47,38
6,26;24,87;50,14;27,41;40,18
5,32;21,39;56,22;13,76;25,79
8,78;27,51;51,10;18,81;36,46
6,75;19,87;57,98;18,18;28,11
12,21;24,88;57,96;15,91;34,41
15,19;29,58;55,20;19,40;35,93
8,72;20,95;53,16;18,19;32,60
13,86;25,18;55,94;16,70;33,43
17,28;27,90;43,61;18,29;35,32
25,31;32,77;72,10;24,28;45,31
14,31;21,61;60,20;19,73;36,60
31,65;39,91;65,39;17,81;35,00
37,19;35,36;57,79;27,84;45,85
36,97;32,10;57,30;30,28;45,11
9,07;26,86;57,23;27,13;49,99
14,32;34,85;70,32;38,36;53,41
20,52;23,25;82,23;23,28;38,24
16,04;19,85;54,07;22,08;29,35
25,19;25,68;28,09;17,27;28,62
19,21;25,21;30,94;14,00;23,16
6,33;22,14;44,46;16,51;33,45
8,71;19,90;44,16;17,03;29,00
14,13;23,93;24,98;18,20;23,85
9,68;20,39;28,81;19,52;26,85
15,82;24,02;38,78;41,70;51,05
22,26;28,08;28,74;21,64;28,71
7,64;28,02;43,79;19,72;31,41
5,50;19,37;40,95;22,51;35,63
14,47;22,34;54,73;22,02;36,27
23,99;21,37;41,12;18,75;45,81
13,12;17,25;58,99;24,19;38,96
8,95;18,76;59,44;19,83;33,45
19,50;26,59;61,35;35,10;51,93
40,52;31,39;49,43;22,04;40,13
24,17;27,03;49,56;17,82;43,54
33,67;26,42;38,40;19,61;42,79
29,33;23,51;42,23;15,27;37,91
29,32;18,73;45,20;16,43;29,49
32,50;25,40;50,33;14,27;28,00
52,90;38,18;53,38;20,57;39,71
16,15;26,13;59,94;25,31;47,84
19,21;26,15;76,20;27,49;43,43
5,48;19,90;80,04;26,88;48,18
21,15;25,38;59,66;35,97;49,47
10,84;24,05;55,51;23,21;42,39
6,84;18,23;57,00;26,93;37,35
8,35;19,16;52,55;30,47;39,46
4,40;18,93;58,47;14,72;27,43
28,08;29,33;47,28;34,02;45,85
8,88;24,20;49,01;23,24;43,38
8,92;27,55;52,87;25,91;47,02
9,73;29,01;45,67;27,82;43,80
9,98;23,36;42,97;31,42;42,64
9,19;23,20;36,77;24,69;31,73
7,57;21,82;36,39;17,08;27,26
7,83;22,24;33,41;18,72;28,94
9,07;22,26;45,87;19,50;31,36
9,05;28,98;43,51;20,92;30,92
7,23;29,06;40,61;26,22;39,77
8,77;19,94;41,75;23,36;30,87
16,16;23,63;41,02;20,45;29,18
14,19;27,01;33,82;19,67;27,31
5,82;26,86;37,08;18,53;31,59
22,56;22,60;25,59;20,41;32,98
8,70;25,75;30,91;18,12;26,82
4,72;23,12;32,66;26,81;38,01
9,56;24,52;44,31;27,94;42,42
6,25;24,41;44,81;26,80;43,94
20,32;32,46;45,79;32,66;48,87
5,30;22,15;48,67;25,32;55,52
10,39;29,66;44,64;22,03;46,45
14,03;29,99;40,30;30,57;53,70
7,95;24,19;44,17;30,81;44,80
18,79;31,55;52,86;43,00;60,36
15,99;32,24;34,87;31,75;50,35
21,10;33,14;37,08;28,25;50,96
7,73;21,47;37,39;23,08;39,80
18,07;22,78;39,13;21,72;34,54
32,01;33,79;39,81;31,07;44,55
13,29;28,84;46,36;29,22;45,85
6,86;25,91;42,42;32,37;47,04
14,28;38,01;41,14;33,21;48,75
7,87;29,87;38,78;29,65;49,43
9,86;28,42;34,19;24,91;46,87
4,83;26,19;44,68;17,30;32,78
8,40;35,01;31,28;23,56;42,61
11,53;29,67;41,98;24,58;45,39
23,96;29,42;36,98;27,21;42,84
38,96;31,90;24,97;17,39;40,17
40,42;34,22;26,35;23,12;43,96
38,62;35,87;17,80;26,41;47,56
42,17;37,14;21,87;22,34;44,86
36,43;40,39;24,50;27,51;53,30
32,35;39,73;29,49;29,44;49,79
48,30;37,98;23,48;20,07;40,50
23,72;33,59;29,13;22,07;35,47
17,60;33,93;31,07;28,74;45,37
37,45;31,50;24,32;21,80;31,11
17,40;32,49;38,65;26,53;37,20
6,31;28,25;45,36;30,60;40,57
18,39;38,46;37,81;34,73;50,27
25,63;36,39;52,62;38,42;54,86
17,49;31,51;64,67;44,20;59,08
12,39;37,47;45,77;29,53;49,99
12,73;35,05;35,22;22,35;38,27
5,56;24,00;39,93;14,71;23,86
22,03;47,97;31,44;30,05;49,34
7,23;36,49;36,26;31,07;54,66
7,51;24,25;36,50;24,12;42,44
25,21;34,54;32,49;26,11;41,95
9,45;38,17;41,85;42,21;70,85
12,04;44,30;36,03;42,47;71,68
11,65;34,18;42,01;36,25;62,62
12,79;41,23;36,88;47,67;76,98
34,99;49,04;39,92;42,71;70,58
18,85;35,33;58,46;43,74;65,42
21,75;35,72;44,44;32,19;58,83
27,66;43,35;36,97;37,78;62,70
17,29;32,63;48,55;41,24;63,00
8,24;35,32;40,47;36,14;70,71
7,92;29,65;37,54;25,66;58,81
6,60;27,45;34,96;22,58;43,65
10,85;27,92;32,82;28,89;50,46
7,98;26,59;31,31;23,45;53,50
20,80;39,03;33,97;32,89;67,39
12,50;36,43;30,03;42,30;69,05
11,54;34,90;33,16;40,60;67,04
5,79;27,92;38,83;22,42;55,32
9,19;32,32;34,04;33,31;59,62
16,00;30,31;39,16;29,15;57,70
8,34;37,11;38,41;30,90;56,32
11,50;35,85;34,63;32,20;59,05
20,46;37,09;29,27;29,93;44,68
13,32;35,06;31,21;40,16;55,70
14,60;37,43;34,51;33,65;56,39
19,67;46,71;35,30;47,97;74,16
12,88;36,21;29,22;45,76;68,61
12,68;38,48;36,77;38,44;60,04
22,05;42,84;34,16;36,81;72,93
15,34;41,85;44,10;42,11;78,04
9,02;40,74;35,13;39,69;65,81
9,58;36,99;35,93;34,90;64,81
15,06;40,28;38,53;37,22;65,34
12,76;36,87;49,78;32,88;62,98
10,85;36,88;41,74;30,79;59,52
17,48;37,01;37,15;28,95;57,07
16,69;33,95;43,38;30,58;66,52
13,06;22,70;55,62;21,21;55,19
12,53;28,07;39,40;24,51;52,84
43,45;51,96;24,66;54,03;83,19
26,07;45,14;39,19;51,15;72,87
13,63;40,43;34,48;38,74;56,82
11,32;35,07;34,50;31,74;53,43
16,00;44,08;33,94;45,97;77,51
20,88;46,92;35,72;56,13;81,22
19,40;51,07;31,54;64,83;96,02
21,10;48,21;41,23;60,93;91,53
8,83;25,06;64,18;26,60;59,26
22,58;40,24;34,79;50,89;73,09
15,33;41,00;36,90;51,48;83,16
12,44;34,00;46,12;35,04;61,01
13,21;20,72;42,44;21,67;36,73
25,27;34,09;28,62;36,98;63,23
42,66;55,34;28,50;78,21;109,81
49,08;55,57;32,59;80,61;120,26
18,57;50,78;29,45;69,14;99,99
40,52;61,23;29,56;77,32;120,64
20,31;50,30;29,39;63,36;101,02
13,27;38,11;30,45;41,37;65,55
17,79;41,34;31,36;40,47;61,33
16,77;43,85;34,36;50,98;76,33
12,76;33,10;41,06;43,00;64,54
22,27;46,46;25,16;55,83;78,77
25,73;53,64;31,83;61,16;89,41
35,15;52,80;27,07;57,53;95,71
35,36;48,33;32,66;61,74;94,24
27,22;42,00;33,32;54,70;80,61
15,68;26,49;38,81;36,45;86,57
11,82;18,07;32,36;19,92;41,72
15,64;18,95;31,48;16,49;34,08
15,83;20,72;27,90;26,06;48,13
40,11;33,71;22,14;44,49;69,15
57,66;48,69;16,14;66,59;97,61
21,99;49,10;31,72;67,11;89,15
18,48;40,25;32,48;49,50;81,19
16,62;34,61;32,96;42,99;62,01
20,18;46,08;29,48;52,28;71,94
15,59;38,85;40,87;47,55;86,77
14,39;37,37;43,94;52,32;85,91
15,39;34,73;46,34;41,50;77,30
10,79;33,79;43,66;29,82;66,16
18,04;29,21;32,71;26,79;53,22
44,89;40,78;26,58;39,90;67,06
34,02;55,00;37,57;64,69;94,48
18,54;41,53;34,84;54,03;87,48
13,73;35,76;46,01;48,48;81,24
11,51;41,97;37,00;50,49;97,86
19,05;41,81;40,93;43,64;78,72
8,18;15,44;47,39;18,09;33,22
42,96;31,80;23,83;20,46;38,20
25,85;36,68;40,72;44,98;97,70
34,30;35,54;33,48;41,85;73,41
33,09;37,19;32,46;43,34;81,33
21,51;28,06;44,51;50,21;86,33
21,48;31,42;36,12;45,94;77,96
30,74;40,43;46,17;58,23;95,20
19,46;32,57;51,32;46,65;73,25
22,06;31,77;49,49;41,55;70,32
17,25;28,71;45,95;40,15;77,88
21,26;34,19;40,26;44,06;82,82
14,37;25,54;58,00;40,33;87,84
18,84;21,10;59,35;42,91;104,59
13,03;23,30;29,46;32,94;45,80
30,52;25,07;37,60;30,54;40,23
15,56;27,08;44,60;33,43;53,72
26,85;30,59;35,82;43,99;67,71
20,66;30,98;47,46;34,59;58,59
16,72;28,93;46,51;37,29;59,17
20,13;28,59;51,01;37,04;60,43
25,29;25,19;35,87;35,57;42,58
15,51;21,33;39,37;24,99;32,80
10,42;20,01;45,98;29,21;35,40
7,63;22,36;47,55;26,87;41,72
24,52;25,60;48,53;33,32;53,58
19,00;24,43;47,87;28,81;51,23
20,23;18,62;45,81;16,08;31,50
11,47;18,64;44,26;25,26;30,96
12,67;18,46;43,61;19,31;33,89
17,87;24,78;38,54;32,28;52,47
26,65;29,78;38,99;45,52;70,75
28,22;31,77;47,60;35,14;65,08
15,94;22,10;79,99;34,14;102,49
9,65;17,35;64,97;17,81;61,07
22,16;23,33;39,85;21,39;35,52
37,52;24,53;45,20;27,08;43,83
44,18;28,82;43,82;32,23;51,88
45,94;26,89;35,55;25,25;48,18
46,06;27,85;37,09;29,86;55,61
43,34;31,60;31,63;31,98;59,18
23,66;30,11;40,38;34,20;61,96
17,24;29,37;55,55;38,74;64,66
26,16;28,40;48,13;37,36;65,22
41,07;39,42;49,08;39,24;69,71
32,93;35,50;77,05;41,81;69,35
15,21;32,47;61,55;38,60;62,52
27,02;40,33;56,26;37,94;67,11
13,70;39,48;55,64;36,91;63,39
17,12;35,28;63,32;46,89;73,38
27,35;32,67;66,42;40,43;58,76
28,82;42,89;64,04;38,07;56,90
16,83;44,76;69,69;47,25;67,78
21,57;41,75;71,19;43,67;67,75
13,45;25,47;86,24;49,87;104,51
18,55;18,58;36,97;14,98;40,05
27,54;26,02;38,29;42,23;68,25
9,08;24,18;62,55;38,99;45,90
10,99;34,59;51,59;39,13;54,83
17,87;34,06;61,25;43,71;59,78
10,93;20,91;63,88;31,72;57,42
8,21;24,70;54,38;25,69;52,26
16,71;31,93;46,80;30,67;56,23
18,03;25,57;47,08;29,54;61,00
15,21;21,81;54,10;38,48;96,65
7,22;25,15;42,11;40,13;47,99
5,20;15,70;44,67;21,01;55,80
18,87;23,04;35,73;12,16;25,27
23,42;28,83;42,88;19,35;36,32
14,70;23,34;46,11;26,52;34,10
38,49;37,70;42,96;29,79;43,27
34,73;34,32;50,66;26,90;42,70
17,75;33,28;58,15;32,72;49,58
17,58;29,27;65,21;31,83;46,38
11,38;27,85;64,51;23,68;45,54
15,54;25,20;64,66;21,06;39,78
15,93;27,08;55,54;24,08;49,41
11,24;27,35;54,47;30,82;42,30
13,81;23,26;62,99;30,12;35,73
13,96;28,71;51,60;29,71;44,11
20,71;29,56;56,32;33,80;45,27
12,29;24,99;54,60;26,22;47,66
4,48;19,53;62,78;41,49;131,75
16,21;17,41;38,07;12,22;27,30
43,70;28,43;28,39;14,22;22,98
18,44;29,47;48,54;27,28;42,45
12,02;31,57;49,19;24,12;45,13
11,13;24,04;56,69;27,52;54,81
12,65;24,96;53,01;28,97;44,46
16,81;28,53;53,15;24,36;44,93
19,13;30,92;66,25;22,59;39,61
16,91;26,52;70,31;31,03;43,05
22,02;25,59;39,78;20,26;27,12
15,05;33,43;43,54;19,63;23,04
12,10;30,09;68,20;15,45;26,77
13,24;35,52;55,42;28,75;43,46
10,93;34,94;67,34;35,00;69,76
15,31;40,92;52,24;34,50;63,53
13,31;28,21;40,03;24,62;39,75
11,92;19,65;31,82;16,14;30,45
7,74;32,64;46,11;27,49;34,90
3,76;16,69;52,76;12,00;15,24
35,37;32,01;41,49;15,81;34,30
23,27;38,51;48,28;21,79;33,33
7,96;27,60;52,32;21,11;34,00
8,14;23,13;50,75;22,05;36,85
10,02;22,25;60,22;26,23;37,09
11,10;34,10;44,33;32,12;36,85
8,30;34,13;38,18;33,96;38,09
3,54;21,78;53,32;27,67;32,26
2,44;21,17;64,07;20,48;27,55
4,78;24,43;65,64;17,50;32,00
4,01;20,68;72,58;17,69;28,71
8,99;17,68;55,92;13,15;36,46
16,28;23,40;47,68;19,38;34,99
17,71;27,42;51,29;22,30;37,45
9,64;20,57;57,77;19,48;36,85
4,78;23,57;62,25;15,81;41,58
7,68;28,24;60,23;16,17;44,53
7,19;21,19;64,70;17,87;32,81
4,06;18,19;56,44;24,62;26,73
9,10;24,99;75,93;16,25;23,63
7,41;29,12;64,82;20,46;29,48
6,73;24,60;70,62;23,43;32,62
7,73;24,54;65,22;18,57;31,03
7,43;24,80;50,46;19,11;32,02
12,05;32,02;57,64;22,24;37,80
8,04;23,35;62,49;16,38;26,97
18,40;31,43;63,78;19,93;29,23
21,15;39,86;54,72;31,48;55,82
8,76;26,29;61,36;25,41;39,78
12,27;33,88;58,47;25,38;45,24
13,76;29,10;65,10;24,39;60,91
8,77;28,50;57,86;16,76;26,68
10,67;22,92;66,16;16,21;31,60
6,36;18,68;67,48;12,67;27,14
7,27;38,38;42,90;30,54;44,26
5,28;33,30;52,85;31,84;42,72
5,17;18,96;83,54;16,35;35,40
5,19;36,72;72,77;17,75;29,70
11,89;38,51;55,61;41,42;54,33
6,64;21,51;70,30;23,57;35,93
22,65;39,59;67,27;23,29;37,31
17,70;23,61;45,33;17,10;27,36
24,40;26,64;55,52;25,23;36,08
21,09;30,25;68,01;25,20;38,42
15,83;37,53;72,06;32,35;44,30
10,20;33,14;62,41;28,25;60,88
10,99;30,48;68,61;21,13;51,79
9,91;26,77;73,73;22,31;50,32
7,43;28,73;58,19;28,05;38,66
8,52;26,28;68,38;23,41;32,76
10,44;20,14;67,75;22,71;31,14
8,78;18,18;77,97;18,03;23,49
6,27;18,54;62,50;16,18;23,57
7,52;17,27;57,62;18,13;26,11
20,72;18,00;51,83;12,84;19,46
44,55;28,77;54,05;18,13;23,81
8,17;20,12;53,45;14,98;21,47
10,14;22,50;59,55;24,25;31,06
20,50;30,87;49,03;24,80;36,94
12,82;23,13;56,20;23,43;32,43
20,74;28,44;60,36;19,24;32,68
9,12;25,30;65,30;20,77;33,47
12,82;31,03;59,45;29,09;50,22
11,72;27,86;66,60;36,06;45,46
10,38;30,54;67,14;32,98;50,34
22,52;28,07;62,14;28,36;38,22
34,23;32,43;67,16;29,13;49,37
25,17;27,68;67,75;28,90;51,15
34,74;32,43;56,05;20,48;40,81
23,95;33,94;68,48;26,74;40,31
31,97;33,61;38,55;30,19;43,65
15,57;35,98;54,95;37,21;43,62
5,75;29,76;72,37;29,80;45,35
27,24;23,42;68,02;19,83;33,60
14,68;22,34;55,94;24,58;35,72
16,14;29,87;70,52;31,76;45,82
14,05;36,08;72,90;29,74;41,94
8,40;32,21;60,19;19,64;35,34
32,11;37,92;82,69;34,24;48,62
16,81;37,26;68,75;28,55;34,63
13,80;32,00;77,16;35,43;48,10
7,59;24,11;69,90;26,30;39,88
6,83;29,76;74,37;19,22;31,45
10,88;30,53;67,66;27,09;34,59
10,78;34,31;50,27;20,98;29,01
12,09;29,50;61,03;30,16;36,64
38,29;46,10;63,84;36,94;47,04
5,34;31,44;54,70;34,94;44,19
9,74;25,13;72,68;14,86;22,02
5,77;24,93;58,46;16,56;25,11
11,47;31,09;54,96;15,61;29,66
7,77;34,47;54,08;20,33;43,73
6,10;31,13;57,17;16,20;24,58
8,72;39,22;53,27;20,66;43,03
14,21;40,06;52,45;22,71;33,57
9,27;31,25;64,13;17,47;25,67
13,22;38,53;75,06;25,18;36,20
10,36;34,27;80,29;29,03;46,54
18,58;37,42;89,85;28,68;51,28
8,63;35,35;72,85;30,37;42,56
7,85;29,71;58,85;29,33;42,40
4,32;23,53;68,54;18,66;28,31
22,42;34,79;44,14;28,06;46,36
14,02;27,57;49,06;28,53;41,27
11,70;27,57;64,33;19,80;32,09
7,03;28,89;55,54;24,44;36,51
11,16;36,92;53,33;26,22;43,58
12,25;35,37;72,22;30,34;52,21
8,46;32,96;36,54;31,96;50,96
18,19;30,58;58,26;28,46;43,09
20,83;33,35;46,67;26,14;41,76
9,40;26,33;64,07;19,51;35,74
8,18;29,84;62,79;20,24;36,67
7,46;33,42;51,17;23,58;38,83
8,02;32,75;58,69;23,10;37,78
12,09;33,25;48,89;26,07;36,40
10,37;29,72;57,59;29,16;37,67
12,84;22,90;44,63;14,54;27,01
36,26;39,87;32,74;22,79;37,38
20,70;38,33;46,97;23,61;42,61
11,70;34,36;57,69;26,80;48,02
24,28;41,91;50,62;35,84;55,08
13,96;31,87;46,49;32,81;44,33
10,34;25,80;60,86;25,13;39,32
31,48;33,82;45,97;21,07;33,16
13,28;33,88;45,11;23,94;39,15
25,68;47,54;39,79;27,40;45,38
12,13;35,71;35,74;24,27;38,24
14,26;39,32;48,87;28,35;45,54
14,05;33,94;57,73;30,75;46,94
10,73;30,96;47,30;27,50;36,33
7,65;31,97;54,75;22,16;30,02
10,50;35,85;49,60;26,29;38,26
9,48;26,82;54,42;30,12;44,26
7,76;35,00;44,37;29,55;38,86
11,61;46,88;44,83;33,58;43,49
8,09;30,17;43,38;33,80;41,52
8,24;34,56;39,02;28,81;31,14
11,99;32,71;34,49;36,26;41,07
9,90;31,70;35,81;32,76;40,07
5,65;32,96;39,92;27,28;32,45
9,21;34,28;42,17;21,99;26,05
7,10;44,46;45,73;26,49;39,45
6,76;43,33;44,45;30,17;38,12
7,01;37,68;42,85;24,70;32,33
14,62;51,98;36,99;32,46;40,92
11,49;47,59;45,62;46,79;56,28
16,36;49,36;39,99;50,31;58,44
17,95;46,43;37,05;30,30;41,89
12,23;36,93;44,41;30,14;39,05
9,18;25,83;38,63;32,03;33,60
6,81;16,68;40,25;15,26;18,76
20,44;37,45;31,35;25,06;32,58
12,36;35,24;28,34;22,09;30,40
6,35;35,84;31,61;23,47;27,37
12,39;39,46;33,60;27,58;36,39
31,03;52,45;25,35;24,70;34,22
5,21;33,06;37,47;30,09;38,75
25,32;41,08;30,51;23,13;30,64
36,78;49,98;19,97;24,43;32,37
11,88;50,97;44,43;31,53;48,14
5,72;36,37;39,27;19,74;31,77
7,74;33,41;34,90;16,65;38,64
12,10;40,18;34,81;17,16;30,59
9,95;33,76;34,54;25,33;36,85
7,82;29,24;31,86;21,30;23,77
7,64;36,74;36,88;27,85;36,61
11,47;43,09;40,45;30,70;46,85
12,31;31,08;41,16;24,30;35,25
12,60;29,61;50,08;18,51;26,02
16,50;43,21;42,51;30,95;33,87
8,36;33,58;45,56;24,30;31,40
10,66;41,22;35,95;31,58;43,64
9,98;40,07;34,35;24,59;46,88
13,02;44,66;38,78;32,52;49,95
8,67;36,55;41,27;23,72;38,21
7,17;34,25;38,54;24,17;39,03
14,32;40,39;32,29;29,22;46,74
15,52;43,67;29,42;37,81;60,04
12,70;42,97;32,02;32,78;55,72
16,78;42,44;31,00;37,40;64,25
15,94;43,85;32,16;36,37;59,06
10,08;36,95;24,89;27,57;53,39
14,89;45,03;30,26;33,13;55,05
9,12;39,50;30,61;29,13;46,82
9,95;42,92;32,29;38,22;53,44
14,44;36,75;34,44;28,18;46,00
13,83;43,06;34,00;26,11;42,72
15,31;39,30;33,80;27,53;47,27
12,00;38,23;30,30;27,02;48,10
11,24;39,71;28,42;28,42;54,09
11,73;50,06;27,78;39,23;65,12
17,33;51,15;25,79;40,15;68,08
18,83;46,12;34,98;41,74;66,07
16,25;47,37;31,12;36,43;61,52
20,35;57,23;36,93;53,84;80,68
30,78;65,09;32,87;61,07;85,63
18,11;55,86;40,28;48,20;83,58
28,36;48,00;41,35;43,45;76,50
15,87;53,88;37,08;47,61;71,28
21,72;54,01;36,08;56,73;90,08
15,12;42,25;28,65;41,26;71,90
14,45;43,49;26,77;37,26;68,37
18,30;46,81;28,31;40,88;76,11
15,83;48,32;28,40;37,28;71,51
21,32;49,15;29,40;43,28;80,87
19,75;52,06;32,69;49,11;83,63
25,84;57,86;40,04;50,20;77,83
19,99;55,54;35,40;46,80;82,74
21,04;34,75;38,86;30,00;74,29
8,66;25,46;31,17;22,17;41,32
7,88;19,26;25,70;16,03;31,19
24,56;38,64;15,81;19,80;37,54
18,15;49,60;27,64;33,74;57,39
19,92;48,71;30,02;41,48;64,62
23,21;56,06;18,66;41,03;57,17
37,56;70,26;14,31;44,79;76,31
27,43;75,00;22,38;47,56;81,29
13,96;50,28;29,57;38,37;60,04
20,15;51,97;22,72;38,88;59,26
32,70;65,64;26,15;57,41;77,99
22,66;61,03;28,29;60,54;81,68
19,79;56,74;26,79;56,11;81,34
18,14;46,48;29,66;38,35;64,57
10,45;23,27;23,20;12,97;32,00
25,29;59,21;15,47;34,25;61,12
54,78;80,81;18,55;55,94;95,90
29,31;56,75;34,60;52,89;78,85
25,09;58,30;33,43;58,92;100,83
17,34;57,43;34,25;61,00;94,54
16,26;53,46;29,12;58,59;89,79
15,54;51,30;28,62;50,42;82,67
23,26;61,29;20,86;54,27;91,86
27,78;54,17;29,14;41,51;73,15
13,04;38,89;31,52;31,16;65,75
8,37;37,33;26,22;32,51;44,15
11,19;45,43;26,24;33,72;58,36
19,55;56,00;27,87;35,05;63,45
14,48;59,60;19,37;47,29;78,75
13,76;63,45;21,40;56,02;93,46
26,15;69,92;30,85;62,85;110,73
17,51;58,06;32,80;63,55;100,79
17,12;54,35;31,31;51,36;88,84
33,60;61,64;25,44;51,89;92,43
29,60;64,14;23,58;44,73;77,62
9,77;50,63;24,53;39,94;66,69
28,03;66,48;18,96;50,41;85,93
25,24;78,52;24,63;60,40;94,65
14,01;42,25;36,01;36,34;66,28
16,29;37,03;32,72;23,71;48,25
14,51;49,28;24,66;31,06;62,27
12,81;41,91;36,32;38,04;82,09
9,05;35,88;39,46;27,07;57,75
9,99;39,19;41,07;27,61;70,12
5,56;28,96;25,84;20,71;38,63
20,70;53,32;19,58;44,60;70,53
25,39;64,16;23,71;45,09;72,70
17,83;72,74;31,45;52,19;86,63
15,47;73,54;25,11;46,12;75,89
24,28;47,44;24,55;32,72;67,45
10,04;47,75;22,78;29,63;54,33
8,42;44,20;25,73;28,14;37,31
3,61;22,47;24,12;15,18;23,70
19,81;32,79;19,59;15,97;23,17
16,65;53,37;19,65;32,28;42,27
18,87;51,76;23,23;38,44;56,19
18,81;53,05;27,27;31,60;56,71
8,25;40,31;33,57;20,21;35,19
9,05;33,22;35,20;19,29;38,57
30,45;47,42;26,12;31,39;52,52
25,04;55,07;30,76;42,91;65,22
18,77;55,50;40,62;47,48;75,35
17,86;50,00;44,63;42,01;69,93
17,18;47,20;32,88;28,03;48,91
26,06;50,33;33,33;34,43;53,74
19,38;53,91;36,64;44,00;76,26
24,02;58,28;34,79;48,67;78,33
19,77;48,11;38,90;41,87;68,91
25,85;52,94;41,61;38,28;64,10
11,35;53,81;34,75;31,68;62,17
14,14;53,14;26,64;40,80;77,49
10,73;51,66;48,76;32,86;93,41
19,10;60,33;43,39;39,54;79,04
15,01;54,19;44,57;45,32;91,12
21,09;55,29;48,47;45,23;77,62
30,41;64,35;51,48;50,47;87,56
21,49;60,56;61,04;50,37;84,19
25,45;56,22;48,42;44,35;75,22
17,61;46,03;48,11;40,76;87,89
16,92;50,37;43,00;40,89;77,67
18,83;46,17;49,32;45,22;82,76
15,74;48,20;50,37;35,49;62,91
19,71;51,35;55,02;35,02;66,74
17,31;63,27;56,61;43,46;79,90
25,43;65,07;58,30;51,39;101,93
19,16;53,42;59,79;42,06;90,39
19,18;53,61;55,17;40,74;76,61
22,27;55,83;56,36;49,28;83,95
21,58;48,79;61,31;51,71;87,54
16,58;41,66;59,00;37,10;74,32
10,64;26,79;65,04;25,10;47,97
20,20;26,00;41,56;17,80;41,52
27,68;37,44;35,36;27,83;70,74
15,15;28,24;32,20;19,86;30,40
15,24;28,71;33,01;20,04;30,39
13,27;30,47;41,60;27,57;42,59
14,11;36,26;50,35;30,81;41,66
16,92;38,16;52,99;26,86;40,65
12,08;40,87;48,32;27,71;46,58
9,71;41,98;49,46;28,72;46,72
16,02;35,43;46,27;23,94;50,47
17,59;32,46;50,28;24,72;41,76
31,32;35,78;42,03;24,13;35,48
41,85;44,98;37,28;28,58;44,05
14,22;36,65;46,69;26,20;48,19
11,76;37,85;51,88;25,92;45,19
8,44;33,36;51,20;21,78;42,13
14,60;35,65;45,34;29,11;53,06
17,09;32,98;42,32;27,10;49,80
9,39;24,72;63,87;24,77;49,35
12,32;30,14;54,87;26,19;38,59
10,50;33,57;77,68;21,93;35,20
12,87;46,40;60,96;31,36;45,57
11,33;42,51;63,10;34,64;50,33
14,15;44,47;64,73;29,74;49,01
21,02;47,02;64,06;30,75;54,36
10,83;30,27;63,78;23,90;40,58
15,84;37,31;58,44;29,14;44,91
13,43;47,04;57,62;33,13;60,89
12,62;32,61;72,55;32,40;61,32
7,51;18,44;48,89;16,80;42,92
13,73;36,18;46,88;27,10;52,59
10,12;38,12;48,69;35,37;50,87
11,72;33,88;60,59;30,73;50,65
10,06;22,55;79,85;21,31;41,49
10,47;28,99;67,77;22,53;39,23
10,47;28,32;56,65;26,65;47,12
12,53;31,12;73,88;31,04;54,15
12,61;32,67;83,51;33,14;67,74
11,83;21,55;95,32;42,36;75,05
13,04;28,41;71,31;33,89;66,51
11,99;29,93;72,37;38,44;74,31
10,62;34,85;79,00;35,53;60,12
7,68;30,20;89,22;35,97;66,74
5,11;23,32;79,72;17,67;28,10
13,52;28,15;44,71;23,13;37,00
22,01;25,00;45,98;29,92;39,59
10,82;19,38;68,94;21,15;29,41
25,40;30,79;67,99;33,60;50,77
63,57;46,08;46,43;26,71;46,66
17,86;38,99;62,56;33,26;89,08
32,40;31,96;52,58;32,74;57,00
9,39;26,33;57,85;21,95;42,54
9,65;16,41;63,91;16,83;42,14
9,29;22,31;60,03;22,44;43,57
16,28;22,19;70,45;19,78;37,77
14,75;20,84;59,61;22,35;31,11
23,38;22,49;60,16;21,79;35,51
37,50;30,43;50,24;22,12;36,99
21,61;33,46;59,67;22,65;42,33
11,91;34,00;56,52;29,90;49,67
11,30;26,41;64,00;26,12;68,94
6,05;7,99;52,65;16,77;66,00
13,91;15,05;42,96;13,86;49,58
26,41;19,61;39,06;15,36;46,42
26,08;25,62;43,14;18,58;39,23
20,83;26,96;49,27;17,10;40,07
15,36;21,44;49,74;21,18;47,29
14,57;20,57;57,99;16,69;39,26
12,02;23,77;51,94;18,58;45,48
13,33;27,35;60,09;22,70;47,47
12,81;22,65;59,68;27,19;67,40
9,32;26,62;60,08;30,31;73,71
7,86;21,70;66,96;26,58;65,52
3,20;14,79;67,63;21,11;48,27
4,42;11,98;55,42;28,11;50,37
15,27;23,02;37,74;26,98;47,55
8,38;17,61;53,48;22,35;48,70
8,14;21,54;73,78;21,56;38,80
12,01;21,90;67,70;20,59;42,07
8,02;23,49;74,95;19,65;39,38
7,09;18,64;66,05;25,64;57,04
12,29;22,25;56,81;21,62;46,43
12,47;27,56;47,87;29,57;51,62
18,32;28,29;56,36;34,87;76,25
10,73;25,35;67,29;25,65;57,03
8,28;22,67;62,00;21,53;57,77
15,93;21,81;53,90;25,91;62,24
13,53;25,54;55,81;20,23;45,68
9,16;25,46;51,85;25,88;38,38
8,00;22,39;53,66;21,30;42,51
6,57;27,24;64,29;23,43;38,93
13,51;22,70;74,57;30,04;40,89
7,20;33,38;60,57;48,59;66,48
6,76;28,86;67,24;27,48;40,70
7,20;32,57;56,97;25,49;37,55
7,53;29,58;57,11;25,97;43,76
8,70;28,21;59,27;28,85;49,09
12,38;26,10;66,68;23,16;46,05
5,74;27,78;68,95;16,38;30,05
6,01;28,14;71,84;21,06;37,87
8,91;24,34;75,77;37,33;58,68
5,33;23,99;81,91;34,59;39,57
6,43;22,28;70,30;16,32;23,26
5,56;22,15;59,34;30,70;57,16
13,48;26,80;58,18;34,67;43,14
5,39;21,50;56,28;27,15;36,67
9,89;26,72;67,85;35,12;51,26
5,89;25,56;85,27;16,41;27,12
8,86;24,19;85,94;21,75;33,32
20,58;30,13;85,25;34,70;59,04
6,85;30,27;69,74;26,30;41,28
5,93;36,83;67,06;25,26;42,71
5,91;22,41;67,26;22,48;32,65
6,53;18,88;74,71;21,99;35,69
6,54;20,00;74,32;21,20;41,68
9,37;18,94;67,35;26,30;38,96
7,47;20,02;62,03;24,49;40,91
8,77;22,47;71,08;22,63;33,21
19,34;24,64;63,45;21,63;36,98
25,50;26,90;45,18;22,00;36,70
17,53;30,42;54,68;23,78;49,08
10,91;25,65;55,92;33,76;59,18
15,78;22,75;61,48;43,43;59,90
27,25;30,06;57,89;30,02;51,54
11,28;23,60;70,86;22,50;42,58
9,05;22,86;74,74;18,70;38,98
12,84;23,64;66,45;19,99;38,98
10,78;21,40;66,69;23,99;49,92
11,12;23,08;56,51;27,94;45,48
10,18;21,14;62,59;23,49;39,02
8,87;18,65;69,79;19,38;28,67
12,70;21,60;59,88;22,80;37,88
6,23;21,08;68,63;16,53;23,88
7,26;22,18;74,16;19,99;46,46
6,77;21,91;69,39;23,56;67,92
11,55;25,31;57,06;33,15;47,16
15,31;19,67;32,72;21,96;35,43
20,10;22,44;38,93;25,33;47,61
20,19;30,06;48,01;35,49;53,25
8,16;19,73;56,23;51,25;64,87
8,50;28,66;47,85;50,16;85,93
4,81;22,58;48,32;42,00;59,49
6,96;21,22;55,17;41,99;64,77
6,42;21,56;59,28;41,70;67,93
6,61;19,16;54,42;44,54;77,69
4,97;27,33;52,05;27,68;45,39
12,13;27,51;55,53;34,06;49,75
8,75;23,76;55,12;31,59;45,68
21,96;37,97;58,41;39,90;57,26
20,28;25,80;40,06;23,93;40,32
26,34;29,24;44,90;24,50;40,16
14,06;26,81;53,66;22,15;44,79
15,05;25,33;67,05;22,95;43,56
10,41;23,06;47,87;19,89;43,23
7,10;26,06;58,64;22,36;42,04
12,81;20,64;58,89;19,41;37,64
15,16;26,05;44,30;32,22;54,02
10,64;23,24;54,51;27,39;42,88
9,31;21,72;55,92;32,68;56,53
11,07;25,27;56,34;28,50;40,05
11,76;33,90;49,27;41,13;59,45
6,11;19,79;67,66;21,80;34,90
8,17;27,37;59,60;21,67;38,66
11,62;40,53;53,63;36,22;65,33
13,13;35,41;57,11;25,44;42,77
9,44;19,18;66,88;42,73;66,44
13,84;34,48;63,95;36,39;52,66
10,93;30,17;56,82;37,53;62,55
9,05;29,54;51,52;39,36;61,51
4,05;20,68;57,98;40,09;53,67
8,48;27,39;51,36;26,63;39,71
6,85;33,05;39,55;32,20;58,17
9,70;32,07;42,35;31,52;45,54
21,01;33,80;46,06;32,35;55,15
4,24;20,79;56,10;22,12;32,15
7,70;31,47;44,08;24,39;35,74
4,78;46,62;38,10;48,26;66,74
3,51;36,29;48,59;38,63;70,99
22,80;33,09;51,73;27,30;45,04
10,63;29,59;46,88;34,33;56,37
24,04;34,76;59,19;35,07;66,95
23,15;29,52;60,71;29,53;52,23
16,24;27,57;48,82;15,82;31,72
22,08;29,76;56,16;24,37;43,39
26,74;36,61;49,63;28,26;49,43
19,10;37,52;62,80;25,55;50,08
13,47;31,45;60,74;26,27;47,59
12,49;32,62;66,52;27,95;53,00
4,12;24,27;48,98;41,52;55,73
13,63;23,57;31,05;20,77;29,08
10,27;28,84;42,56;26,56;37,55
35,20;37,71;43,35;52,45;57,10
15,64;23,90;51,07;26,64;37,65
5,37;22,17;58,50;29,41;37,13
19,40;29,03;51,60;45,00;71,72
10,67;33,15;51,36;44,63;63,70
8,38;31,56;55,89;50,40;74,43
4,62;29,47;33,28;29,40;49,23
29,70;33,96;36,53;28,48;56,40
14,32;39,30;49,08;30,77;55,66
6,53;35,89;44,99;18,50;43,39
5,57;24,56;49,60;13,32;33,63
13,97;28,66;39,31;26,97;49,72
4,82;21,86;50,07;23,97;44,00
5,64;31,72;48,22;23,72;44,78
8,75;34,86;53,32;26,26;53,61
6,45;21,92;56,65;21,40;44,27
2,67;17,93;49,09;16,28;34,32
4,46;23,13;40,36;16,29;40,76
10,68;39,42;35,85;23,46;59,34
14,33;47,15;46,90;24,44;60,27
11,54;47,35;68,27;27,99;62,26
14,83;40,57;60,64;38,59;64,77
9,85;34,08;54,70;24,61;54,70
9,56;25,00;55,18;25,65;48,99
8,77;26,29;50,38;31,32;55,43
5,44;27,47;43,43;27,01;52,26
14,30;21,87;32,22;23,93;54,48
17,86;21,87;28,45;13,91;15,95
22,63;34,45;23,93;19,64;28,54
18,18;29,46;27,27;40,49;64,71
14,23;31,52;34,09;35,76;62,36
11,70;40,31;39,61;42,99;60,69
10,43;31,94;41,69;40,58;63,28
10,40;44,34;42,99;44,11;79,85
19,42;50,34;38,17;54,45;83,92
16,48;55,97;55,43;61,95;107,09
11,42;44,78;40,69;36,51;65,01
7,27;30,56;39,14;23,92;52,35
10,92;34,87;42,04;23,85;45,62
7,57;26,90;47,47;16,28;36,64
5,99;32,71;35,86;22,59;48,49
6,49;27,94;35,92;13,90;30,75
12,80;38,64;44,57;18,36;38,80
6,63;24,63;45,83;14,52;27,79
10,35;31,26;38,72;33,11;63,19
7,63;31,54;34,10;28,76;65,20
19,13;30,77;36,44;33,82;64,26
11,40;26,38;35,74;24,69;47,70
10,96;33,35;28,10;30,03;58,19
10,16;28,42;46,75;20,24;50,90
12,75;16,40;35,27;9,12;24,18
20,28;27,75;33,06;21,26;41,15
8,81;27,44;42,93;29,01;58,11
10,33;26,75;44,41;25,40;57,31
21,72;36,46;27,85;30,29;72,81
13,22;40,54;40,67;39,69;82,22
15,32;45,92;44,32;45,27;86,87
25,25;46,10;37,19;45,05;80,27
24,54;32,98;36,78;32,79;59,56
7,89;32,81;32,80;22,56;50,11
6,48;31,69;32,93;19,92;44,95
9,34;30,38;37,66;19,81;44,36
11,14;34,61;36,17;22,16;52,83
8,09;29,76;36,98;17,81;54,02
7,92;18,67;37,82;13,64;21,62
10,02;21,33;46,24;17,39;25,11
17,14;33,47;36,44;27,82;49,81
33,00;49,78;39,42;56,98;90,36
12,56;39,70;45,74;54,50;91,57
13,30;37,74;46,72;45,69;71,51
18,02;31,83;36,89;37,47;59,57
17,75;33,41;41,19;42,95;64,59
18,51;38,21;37,13;53,02;79,58
18,18;37,40;51,01;46,18;79,08
15,13;37,01;45,67;44,90;76,70
30,98;36,77;36,60;44,74;73,90
20,77;28,63;36,91;35,37;61,35
28,85;36,56;25,64;35,82;62,36
37,84;42,08;32,03;45,29;75,65
26,73;45,55;38,34;49,49;81,43
31,43;51,01;45,84;54,42;91,85
37,04;56,14;39,93;55,81;101,76
22,69;46,98;53,04;59,01;102,82
34,47;53,38;38,08;62,71;113,60
23,38;53,12;55,78;68,55;116,74
34,34;53,85;55,45;74,76;120,16
18,50;41,49;55,58;69,59;116,38
20,61;46,19;41,70;71,18;120,12
36,26;56,74;32,53;77,69;129,13
17,36;52,77;36,85;60,65;114,06
18,99;47,76;35,57;60,57;117,14
13,61;38,76;45,89;44,80;94,02
9,73;19,78;49,58;18,57;45,62
24,17;21,02;37,32;15,56;51,69
7,96;22,08;34,58;14,57;24,40
7,12;22,62;35,00;27,25;39,80
8,90;30,64;34,29;33,10;51,17
7,67;21,84;40,30;25,82;44,59
24,42;38,28;22,87;35,04;59,12
12,51;23,69;44,59;32,56;53,67
16,00;24,54;43,55;28,52;52,70
12,05;29,10;43,72;28,96;53,72
21,88;36,13;30,88;30,70;60,66
13,44;33,18;32,56;36,00;64,17
19,40;39,93;31,51;45,08;76,91
29,48;40,38;31,07;46,99;84,61
23,19;36,19;38,79;45,13;85,32
20,41;41,66;40,88;45,62;75,84
22,36;41,40;50,57;50,79;86,22
35,92;41,34;35,97;55,66;90,17
23,41;50,87;39,44;59,45;113,78
27,89;57,81;47,22;62,53;116,47
17,50;43,12;47,92;49,51;97,10
28,95;23,67;35,09;21,37;41,19
26,65;28,99;35,00;27,16;48,17
19,15;45,36;29,25;47,27;88,20
19,87;40,46;34,48;44,58;90,08
13,31;33,36;40,93;36,20;64,51
28,24;42,83;28,06;46,71;77,12
14,47;33,62;36,34;34,59;67,06
25,30;40,89;32,04;45,11;78,34
38,05;42,62;36,03;45,90;80,70
56,66;58,51;29,73;60,05;101,06
35,80;54,81;36,57;60,07;118,37
34,64;50,83;31,24;53,40;106,31
36,38;57,57;28,18;54,98;108,45
18,95;48,60;35,07;54,94;104,78
27,45;50,97;34,77;57,11;101,67
25,58;42,34;37,26;48,54;83,07
21,52;42,81;35,85;46,88;90,15
24,59;49,74;29,41;49,29;101,25
14,74;47,83;33,25;54,68;102,94
12,74;46,81;33,14;46,94;89,78
16,67;43,67;38,61;53,03;111,32
13,68;31,21;43,01;27,41;56,44
12,69;23,75;47,56;39,95;86,86
9,91;21,72;50,44;37,44;87,14
6,75;24,58;40,66;23,06;33,27
7,61;26,36;42,08;19,64;33,92
7,53;28,98;38,32;20,25;37,58
9,68;30,69;31,05;27,06;47,86
29,55;36,96;28,45;33,53;55,81
17,20;28,14;40,21;25,93;49,49
10,07;25,44;36,13;16,17;31,65
26,80;52,19;24,40;42,00;62,44
14,20;25,16;45,00;52,08;95,14
11,27;24,42;33,21;28,11;40,49
11,44;36,90;28,98;43,89;72,12
28,21;46,76;27,78;49,26;85,59
18,73;38,99;38,95;40,11;69,66
13,24;33,70;39,31;32,88;61,51
38,84;39,20;28,30;36,26;62,42
54,49;60,74;22,92;46,29;83,39
43,04;64,03;26,88;56,46;98,11
22,30;54,04;35,98;47,55;88,74
20,38;50,87;33,65;47,04;85,86
12,72;33,25;41,75;28,56;53,80
16,04;33,19;43,71;36,43;64,61
10,43;30,37;46,65;29,35;61,65
16,24;36,23;42,26;34,38;64,76
9,24;42,49;37,48;31,94;67,23
13,01;36,48;37,81;31,82;64,41
11,07;24,21;59,38;24,04;55,40
5,90;26,11;40,25;26,31;47,02
8,72;20,78;33,46;20,14;46,15
27,63;39,74;22,10;33,45;59,46
25,09;34,86;30,13;33,91;69,05
34,49;56,86;28,91;37,98;84,06
30,41;67,41;34,31;55,99;110,68
24,76;50,03;43,69;48,91;93,16
31,10;49,92;44,62;38,82;79,17
26,85;57,32;48,84;44,17;85,67
36,17;59,66;46,52;45,37;91,19
26,04;51,79;46,14;36,85;79,54
17,00;48,82;48,45;25,40;63,24
50,48;64,82;36,82;37,74;85,77
19,61;50,30;50,66;42,42;100,35
17,76;37,84;61,74;34,97;81,66
14,74;34,16;65,46;30,08;81,27
22,81;54,00;56,31;36,99;86,40
16,11;41,94;64,73;35,19;86,42
19,82;44,18;65,47;41,94;106,70
15,02;33,47;71,24;43,74;101,50
10,65;25,75;68,01;40,53;85,85
7,02;20,67;76,88;31,42;64,24
8,31;33,36;71,35;38,99;71,40
13,99;37,42;67,22;52,00;100,64
10,00;24,25;46,16;31,56;82,72
13,40;26,28;67,71;30,12;65,69
8,68;27,10;75,95;35,71;108,87
17,73;18,68;43,29;17,59;36,10
20,78;21,99;29,24;14,61;31,77
26,79;39,09;35,58;35,63;51,76
10,74;33,42;52,44;38,34;60,74
13,27;33,64;56,16;30,08;51,64
11,97;26,12;57,19;24,86;54,34
17,82;26,09;47,88;20,09;42,75
10,28;23,18;38,62;18,11;36,98
26,04;32,38;40,39;28,09;54,88
8,05;21,24;57,37;29,69;59,96
13,12;26,71;66,00;33,26;66,06
7,67;17,55;61,43;17,49;33,15
21,59;28,06;45,70;18,81;41,74
12,68;27,25;48,34;26,37;55,30
12,98;26,09;49,59;20,36;40,28
15,25;19,69;49,35;17,57;40,41
13,66;20,92;43,11;14,59;26,07
29,31;27,32;48,56;20,51;34,02
16,64;27,48;50,70;23,28;46,32
13,06;29,42;52,69;27,54;72,35
13,61;30,77;53,57;26,21;62,31
12,70;24,37;62,85;34,96;73,18
8,15;15,81;55,86;18,40;32,22
18,78;26,93;51,03;28,60;48,66
10,31;24,30;49,47;25,43;52,08
15,27;18,95;53,47;16,46;39,68
12,22;21,79;50,36;31,04;58,14
7,49;16,80;55,18;22,82;45,48
7,83;13,82;62,33;29,24;89,02
10,91;19,84;59,67;24,76;56,66
11,43;19,42;47,74;23,14;52,29
17,65;21,72;45,69;31,27;50,22
6,48;21,35;54,02;27,49;42,01
8,13;19,08;63,67;30,78;47,37
7,59;18,89;76,17;20,04;47,82
8,83;21,02;74,19;25,27;45,11
10,63;23,06;66,72;21,09;37,91
7,11;23,60;59,49;21,46;36,99
13,62;28,61;54,01;28,23;47,84
8,05;26,44;62,59;37,12;62,73
9,20;28,49;67,08;28,99;47,41
11,80;34,90;74,45;30,03;52,25
8,12;25,43;66,67;26,80;50,61
8,01;25,45;57,66;28,93;61,39
7,91;25,80;56,04;25,53;48,59
10,66;28,87;53,91;32,75;58,70
9,37;22,81;61,58;25,34;43,76
11,07;20,82;76,48;34,72;52,12
10,87;24,61;78,35;25,50;40,59
6,76;23,12;59,63;44,27;66,36
6,90;18,54;64,74;32,97;57,51
7,77;19,76;55,48;35,47;56,48
6,41;18,04;69,50;29,02;44,93
7,48;18,20;65,46;30,30;49,23
10,71;22,42;69,69;26,15;37,32
6,83;20,14;70,79;19,54;28,28
8,07;17,04;69,71;20,74;32,14
11,02;22,50;58,23;20,65;36,83
13,96;25,25;66,32;30,70;46,64
10,88;18,82;59,96;21,66;34,83
6,61;14,98;61,93;21,71;38,71
6,55;16,00;84,07;19,44;34,23
18,98;19,17;54,21;26,57;47,27
13,18;22,81;43,52;26,97;41,58
9,85;18,54;62,81;19,36;31,15
6,98;24,21;61,67;23,45;35,40
7,24;23,38;76,33;25,67;41,20
7,30;20,72;68,37;25,92;41,74
7,09;32,90;53,41;25,02;42,56
9,48;38,11;58,60;23,93;35,55
11,61;34,26;75,41;27,84;42,71
7,00;21,81;68,82;26,34;36,84
7,80;30,77;59,75;23,61;38,58
6,21;28,53;68,53;22,76;37,29
7,04;21,47;80,36;23,39;49,76
7,96;25,08;66,89;25,27;56,07
24,53;32,25;49,30;31,39;51,39
11,95;31,18;54,87;22,88;42,55
8,47;20,32;66,06;26,71;51,73
12,00;29,82;78,06;26,38;44,31
10,47;28,07;64,10;33,54;46,48
9,64;31,58;61,23;29,65;47,94
13,10;27,87;75,00;39,24;56,38
9,80;30,02;65,29;31,48;41,66
8,61;28,85;65,00;30,84;48,85
8,60;22,13;70,63;25,25;43,83
9,32;24,65;59,32;22,16;36,13
12,04;29,85;57,68;27,78;42,79
12,74;29,60;53,02;38,63;48,06
11,16;30,11;55,14;41,94;57,56
10,33;22,20;55,06;38,68;61,07
24,85;36,34;60,30;46,13;65,25
11,49;28,05;61,20;48,09;66,44
9,52;23,11;60,66;23,52;40,93
18,34;34,27;76,86;32,76;53,66
11,91;28,64;61,78;21,51;48,58
9,59;29,61;69,58;21,78;41,41
13,28;26,46;80,93;24,50;53,64
7,15;26,68;72,38;21,31;41,34
15,70;25,89;26,73;32,38;53,19
7,09;19,94;41,27;25,34;48,76
5,89;20,67;43,06;43,04;73,04
9,72;26,39;49,88;32,82;66,43
9,49;21,63;54,69;48,20;79,71
18,80;27,82;48,19;44,10;62,32
22,61;32,21;57,07;44,20;84,90
15,53;28,52;58,41;77,46;121,00
7,86;21,42;60,82;47,31;64,92
8,06;18,66;60,45;37,86;61,30
14,34;18,32;42,09;22,16;38,77
12,65;23,46;43,74;18,02;32,98
9,66;20,75;49,53;26,75;44,73
7,45;20,33;42,35;33,04;56,00
12,16;20,84;34,27;36,23;56,10
23,81;24,97;39,82;43,50;68,03
14,72;20,78;55,09;40,99;79,83
21,10;29,10;53,81;37,02;62,99
9,62;19,28;54,48;52,34;79,59
6,17;21,16;53,99;35,63;49,99
12,95;23,00;59,90;41,65;70,26
13,98;21,42;52,32;41,10;79,72
11,18;19,10;41,83;28,78;63,14
11,12;16,23;39,71;15,35;31,64
16,19;20,10;41,87;18,15;34,17
21,25;30,42;47,97;27,32;46,24
7,39;32,36;49,13;28,08;46,84
8,41;27,27;56,89;42,44;63,40
9,73;24,06;50,00;40,48;55,15
4,81;27,82;50,86;32,40;56,96
5,39;22,16;42,45;36,51;58,63
3,67;17,79;43,06;39,26;65,21
3,33;19,36;46,10;45,18;65,16
3,25;18,46;34,34;45,93;70,68
3,19;15,92;44,21;40,94;49,01
10,04;18,44;61,87;29,22;36,21
5,48;21,65;47,69;36,74;49,10
14,56;26,93;43,29;42,40;62,35
23,66;36,00;40,70;28,94;45,22
19,55;29,97;63,91;46,09;54,86
14,25;27,15;59,25;49,83;58,76
11,36;19,89;56,82;38,26;40,00
10,20;14,93;46,08;29,64;46,31
14,28;17,33;53,25;35,86;59,44
22,76;26,87;34,77;34,92;58,72
7,92;16,48;48,90;44,05;66,90
10,43;19,86;63,06;37,81;62,70
12,82;29,78;58,27;45,97;74,51
11,79;23,93;50,06;44,43;67,88
10,79;26,93;41,84;31,33;44,54
13,80;21,16;45,08;32,50;48,45
9,63;21,07;60,15;30,87;42,58
14,38;27,01;62,86;40,01;56,37
15,69;23,57;40,22;31,35;44,89
15,65;17,41;32,40;21,83;33,13
10,12;16,50;40,50;23,59;37,90
9,93;18,18;40,42;21,88;31,07
11,76;19,11;43,62;33,90;49,64
15,43;22,79;32,26;22,22;36,89
11,29;20,79;46,14;15,28;21,24
14,07;19,32;41,26;24,73;33,52
18,37;19,32;42,86;39,71;51,02
16,26;24,21;39,43;40,38;73,14
18,51;26,33;46,14;49,23;72,76
16,46;30,31;57,08;49,63;63,07
16,47;25,37;64,21;40,21;54,25
33,87;30,92;44,26;51,24;61,90
14,13;29,81;67,13;51,26;72,58
14,52;33,68;42,90;48,21;68,95
13,94;30,18;54,06;46,39;67,91
13,41;24,57;57,58;40,70;60,61
17,08;23,51;63,17;34,63;53,62
20,36;34,95;45,93;43,11;59,83
22,05;32,62;47,91;32,76;50,70
15,93;24,74;53,78;26,57;44,94
12,88;18,34;49,44;15,82;26,83
20,11;25,54;49,54;21,91;36,22
20,17;32,19;55,39;31,26;47,98
16,56;34,83;65,16;38,53;58,30
26,85;37,06;67,63;39,72;61,16
13,84;30,86;58,57;34,17;52,71
20,54;30,24;62,04;24,21;42,12
12,02;30,03;57,63;36,87;56,91
12,86;27,46;52,64;36,07;49,10
19,07;22,88;48,10;26,80;39,77
25,12;27,22;48,99;23,95;36,51
27,80;30,77;40,89;28,17;49,41
25,42;38,47;43,94;31,01;54,60
15,69;35,12;53,77;38,34;59,84
10,11;38,11;52,25;40,78;56,68
14,77;27,53;60,69;39,75;52,32
17,25;24,99;48,02;30,18;39,16
9,06;22,43;46,68;27,68;40,96
5,95;29,44;48,77;30,99;54,53
11,22;37,83;55,65;29,99;52,06
11,78;41,72;57,01;41,47;64,59
13,40;35,88;53,33;51,69;72,44
27,42;55,71;55,36;41,17;67,50
15,70;50,18;63,20;43,33;69,25
16,83;45,41;64,62;44,39;71,73
15,78;52,28;59,63;49,02;72,27
18,32;48,53;56,44;47,45;75,57
14,55;46,67;54,60;42,90;72,13
6,41;40,08;47,35;31,69;51,13
10,52;39,92;40,96;29,30;48,37
6,80;36,66;39,20;30,43;55,30
11,69;35,64;42,18;36,46;62,83
15,96;40,19;41,31;54,03;78,41
16,54;41,60;39,16;58,37;87,74
10,78;43,09;35,12;32,95;68,76
12,85;34,44;40,05;25,60;52,02
11,81;38,09;40,78;24,31;45,35
9,95;29,93;44,00;21,73;38,75
8,41;31,53;42,35;27,52;39,28
8,21;30,94;42,57;21,69;36,76
9,37;37,49;37,36;25,65;45,09
13,23;42,66;37,59;29,49;51,30
20,56;47,01;43,13;38,01;63,85
26,62;54,33;52,73;37,69;67,83
27,75;52,05;54,10;43,71;69,71
25,21;36,27;57,68;34,53;55,45
15,64;38,62;53,07;34,79;55,72
16,82;38,84;51,89;40,26;64,74
18,09;43,35;50,05;50,05;80,85
31,51;46,96;42,64;49,46;77,28
26,25;42,11;40,12;39,26;69,45
23,51;36,01;37,11;29,49;50,95
16,97;28,66;40,12;27,75;49,20
17,37;34,91;41,86;33,62;56,53
12,35;35,77;44,45;33,91;55,44
16,62;32,97;48,32;35,69;60,04
11,66;34,96;48,49;29,53;52,78
12,62;33,12;42,47;30,91;56,25
13,02;34,10;47,39;32,83;53,33
12,52;34,34;48,80;32,01;54,82
11,81;33,63;45,48;31,02;52,04
11,88;35,36;44,03;30,21;50,78
15,12;38,03;43,13;35,45;61,31
14,37;32,50;52,22;31,15;51,72
13,98;27,67;46,64;28,41;45,65
14,86;29,62;42,19;26,74;46,19
12,32;26,57;45,31;25,24;42,08
12,17;25,63;46,18;25,38;42,10
14,22;29,39;47,00;25,94;43,97
14,79;31,52;43,91;26,19;44,16
20,90;34,76;44,06;29,68;49,67
18,61;31,17;46,00;29,63;48,87
14,01;35,23;46,25;34,44;54,47
15,27;30,50;47,87;30,89;50,63
17,95;32,97;50,20;31,72;52,87
12,92;30,08;54,90;32,70;53,82
13,75;31,91;53,55;33,43;53,60
12,89;27,80;47,04;33,06;52,84
12,57;27,82;47,86;32,88;54,20
13,86;28,30;49,45;27,67;44,30
15,04;26,35;44,37;26,34;42,25
18,64;29,44;42,34;30,49;48,94
12,33;27,16;46,17;29,77;47,71
14,52;30,65;46,41;31,53;52,58
14,09;32,48;45,71;30,23;48,29
21,71;36,64;51,69;33,70;52,73
15,99;35,77;53,88;28,92;50,58
14,59;32,73;49,45;29,70;49,44
19,74;36,74;47,97;30,69;50,29
17,66;31,35;51,05;30,06;50,21
21,47;31,50;50,92;31,36;52,51
11,26;24,61;49,46;24,65;44,78
23,85;34,92;46,71;28,35;52,00
17,32;30,34;47,57;27,81;49,64
15,83;27,49;52,38;27,98;45,34
13,61;30,18;49,27;28,33;48,61
26,48;35,09;48,53;32,89;55,74
21,54;32,67;48,23;31,03;50,57
13,22;28,14;49,83;27,70;47,50
22,50;31,29;47,97;30,56;50,63
14,03;26,78;51,68;27,28;47,92
19,88;29,27;51,36;27,62;47,10
15,82;27,56;50,83;27,62;45,63
15,66;30,09;49,59;32,35;52,94
16,66;32,07;51,36;30,34;52,24
12,34;29,61;53,86;26,89;46,71
15,80;29,54;49,23;27,12;46,05
13,29;29,26;46,64;28,90;49,18
16,83;28,90;48,81;29,10;45,67
25,72;32,93;47,11;31,05;51,22
16,56;25,94;48,88;27,66;47,22
16,81;26,95;51,71;27,79;48,54
18,19;37,55;46,22;30,33;50,96
17,48;33,33;49,12;31,68;50,71
14,96;33,54;47,44;29,84;50,05
16,14;31,81;49,63;30,70;48,63
19,81;33,97;48,70;31,08;49,87
18,56;33,64;45,83;29,57;51,12
19,24;32,26;47,44;30,83;48,51
19,16;35,77;45,48;31,13;52,91
18,36;34,66;42,09;30,17;50,98
18,23;32,47;39,37;29,28;48,56
10,79;28,20;49,57;26,74;43,93
13,21;33,37;46,41;27,65;45,84
18,30;34,14;49,49;29,96;48,70
17,63;34,85;50,77;28,25;44,71
11,82;29,04;59,05;25,11;42,92
15,22;32,54;53,22;27,62;48,85
18,52;32,02;49,26;28,23;52,67
10,81;26,03;48,87;23,97;41,57
24,13;37,41;41,19;32,16;55,36
18,65;34,01;46,67;30,47;48,69
20,24;37,67;42,59;30,69;50,19
14,68;33,61;43,92;30,63;47,86
24,93;40,48;45,67;31,10;51,02
23,26;40,15;48,85;32,43;52,97
17,56;28,41;50,42;29,68;47,66
16,99;33,41;49,58;32,12;52,47
20,23;36,06;46,94;32,07;51,15
15,74;35,87;49,82;29,88;50,54
18,75;36,81;44,14;29,92;48,19
28,25;42,93;41,71;32,15;52,70
19,06;30,87;48,14;31,81;52,11
30,59;34,69;46,63;31,42;51,38
18,61;30,50;48,78;28,20;46,80
26,50;30,37;33,98;23,20;42,65
20,16;30,26;42,55;24,77;39,04
17,80;28,56;45,70;25,46;43,67
22,64;29,12;50,17;27,80;42,41
15,90;27,84;47,61;28,30;44,95
14,53;26,74;47,70;31,31;41,19
18,95;30,22;42,84;29,77;48,42
16,84;36,08;45,24;27,60;42,71
18,65;31,13;52,18;26,48;37,80
17,31;32,29;53,16;26,11;37,88
16,63;39,78;49,53;31,64;45,12
24,30;45,75;52,49;42,13;48,08
21,64;38,83;59,85;43,64;48,91
15,70;37,10;48,54;28,67;44,50
11,37;33,33;50,96;26,05;40,59
15,55;23,63;64,15;37,70;72,54
8,95;18,14;50,81;20,94;28,45
9,94;20,78;44,18;18,13;28,26
15,58;22,17;54,88;24,33;28,85
16,34;30,02;55,00;30,00;37,42
15,31;30,49;52,04;33,34;51,22
15,02;34,92;50,08;34,11;64,52
16,04;23,61;47,85;22,43;33,44
9,62;26,32;40,88;25,10;34,45
18,08;27,25;40,54;25,77;38,82
14,35;26,06;50,33;24,13;34,44
13,17;24,56;53,63;24,65;32,73
15,91;27,65;55,58;26,69;36,93
13,94;26,35;56,19;22,99;35,66
10,07;26,72;53,26;21,85;33,48
12,11;25,66;56,93;25,86;43,44
14,01;23,09;56,54;21,35;31,42
15,82;23,91;53,71;21,24;32,60
13,28;24,53;51,20;20,09;32,10
19,82;30,59;56,06;24,56;36,22
19,21;33,12;50,38;23,47;36,90
14,02;30,77;51,46;28,40;43,22
14,97;36,79;54,95;32,26;47,42
18,26;47,09;55,09;35,83;52,76
16,77;47,09;71,00;37,26;53,07
12,84;32,23;77,11;28,83;41,59
18,87;40,31;65,30;35,68;50,94
15,36;33,56;70,44;34,42;50,84
18,07;37,10;75,65;26,49;37,70
21,28;45,11;70,99;36,29;49,51
14,43;37,47;76,36;36,45;50,17
13,75;25,54;86,13;31,22;48,16
21,96;22,85;56,43;26,77;42,99
16,26;29,12;52,25;24,57;33,38
9,43;28,37;65,82;26,25;30,00
16,94;38,94;78,02;34,99;42,45
16,28;36,32;81,86;35,76;42,44
14,48;41,54;76,53;29,25;38,69
10,92;24,12;69,63;24,91;40,36
13,24;21,81;59,42;15,50;26,81
12,77;23,30;63,96;27,45;42,34
9,27;24,38;58,36;19,03;23,83
18,28;33,35;56,59;24,88;30,06
10,32;23,33;63,99;24,23;31,32
9,18;26,48;62,47;21,88;29,85
16,23;32,30;71,56;32,69;31,11
7,03;15,50;103,91;12,04;16,10
7,58;19,99;93,33;13,22;21,59
11,54;32,22;69,77;19,59;28,61
13,46;33,79;72,22;22,24;34,10
10,29;32,37;65,04;14,48;22,39
11,08;35,24;62,45;23,35;26,96
6,58;24,68;86,67;12,42;15,89
12,00;26,91;74,45;21,34;29,29
8,33;24,08;81,51;16,35;19,46
5,52;13,01;60,19;7,25;12,46
19,78;28,29;55,00;10,61;14,68
9,75;28,08;56,25;12,72;18,57
14,81;29,10;72,60;17,95;27,62
10,24;18,10;75,29;12,70;18,58
16,41;19,54;76,78;16,96;28,72
9,06;19,14;61,44;14,18;25,85
9,40;13,52;52,53;7,61;14,84
22,23;31,03;48,46;13,61;22,28
8,20;22,80;60,70;15,25;23,65
11,13;25,82;51,45;13,95;21,66
11,20;24,35;75,20;20,76;30,40
8,12;23,06;85,77;16,71;21,92
9,44;30,07;62,14;23,16;27,77
8,68;28,01;72,47;20,70;27,53
10,06;24,32;89,18;14,81;20,87
7,15;26,27;72,59;11,25;15,48
20,96;29,15;49,97;16,12;27,90
24,65;27,56;39,92;18,96;28,41
17,05;24,45;48,83;19,19;28,51
10,39;24,82;60,34;18,21;28,05
18,17;33,63;57,02;25,16;43,00
26,60;35,41;66,73;21,90;31,82
22,22;37,82;53,16;21,01;31,69
24,36;37,27;59,60;22,93;32,88
18,39;23,40;75,97;19,90;32,03
35,90;31,99;70,16;17,12;20,80
8,39;20,87;68,50;15,70;22,71
7,93;22,92;58,47;21,05;35,90
16,78;27,78;49,80;25,96;44,58
12,49;20,99;61,80;19,55;30,72
8,66;21,02;66,77;16,13;26,33
11,15;26,57;66,73;24,69;33,92
8,54;16,94;76,11;17,07;25,49
11,11;30,10;65,35;19,57;27,10
8,65;30,12;63,00;27,25;37,18
9,67;18,55;61,71;19,63;29,66
10,11;20,89;48,16;17,77;32,45
12,15;21,36;47,82;14,40;24,46
10,71;27,81;48,54;14,75;23,17
13,73;30,63;59,89;18,58;28,79
10,80;28,68;72,77;22,89;35,38
8,57;23,59;80,21;25,25;38,59
5,44;23,41;70,39;22,90;33,23
6,82;26,07;64,00;26,16;33,43
4,96;15,42;63,66;15,60;23,25
9,34;25,31;44,95;14,82;21,76
14,82;25,89;55,92;18,54;24,97
10,05;21,68;56,44;21,36;28,62
6,34;22,65;58,02;20,38;24,49
11,27;22,52;58,18;25,22;32,52
10,97;21,78;69,37;18,28;30,62
10,30;30,28;58,44;17,04;22,52
10,79;17,52;69,77;18,66;30,83
9,91;20,13;74,21;17,77;26,55
10,13;24,65;67,63;17,71;31,30
6,57;23,93;59,95;17,43;29,38
8,35;21,62;49,08;19,38;24,59
17,06;25,94;41,39;16,36;22,38
12,85;21,98;53,79;20,68;30,92
9,14;20,18;59,57;17,70;25,53
9,29;21,48;59,08;28,13;36,94
12,05;21,49;59,50;25,64;38,57
13,17;21,82;62,20;18,52;29,51
7,03;18,02;71,00;9,46;17,75
8,71;20,99;40,05;12,79;22,06
10,71;23,22;53,37;18,07;24,22
7,38;17,96;72,92;14,11;19,73
11,33;21,74;83,46;21,23;27,53
9,67;20,77;69,52;16,43;24,24
8,93;24,03;58,98;20,79;29,37
6,66;21,18;53,97;25,79;32,17
4,83;22,73;59,03;20,51;26,12
4,55;21,81;49,87;42,61;47,10
5,97;27,94;65,73;19,48;27,45
4,40;21,06;72,02;26,46;38,65
7,57;14,51;61,64;17,55;30,88
9,36;20,36;51,87;28,52;44,94
6,53;16,27;51,62;19,29;27,12
9,58;17,17;72,77;23,01;32,91
9,65;17,83;67,46;22,56;29,24
8,82;20,10;62,79;25,33;33,47
7,49;16,76;54,09;19,59;29,64
9,61;16,27;45,02;19,03;32,36
15,71;18,97;48,97;18,26;28,98
25,95;23,14;45,38;17,91;25,97
23,62;24,93;48,67;19,45;30,50
11,83;21,25;54,50;15,45;25,81
12,88;33,76;51,62;17,65;24,32
11,49;33,15;52,35;15,89;25,21
8,25;20,09;53,64;11,15;21,86
11,94;26,12;63,31;18,54;24,16
11,29;27,92;36,78;13,36;14,95
14,53;29,49;47,47;24,75;26,40
10,57;28,40;61,48;18,01;22,28
9,49;23,20;80,09;16,76;22,02
27,28;31,58;71,43;18,97;21,11
11,53;24,33;68,28;18,90;20,62
17,23;31,87;59,92;16,34;23,48
24,96;28,37;79,76;21,85;25,13
19,24;28,16;67,79;17,07;20,64
19,39;37,71;77,00;20,37;25,24
13,94;28,60;66,00;18,05;21,51
11,19;19,23;61,99;16,94;19,78
8,53;25,09;50,79;14,45;20,34
6,05;19,24;63,66;16,86;18,47
6,46;18,08;70,00;15,42;24,75
12,70;26,62;77,46;26,77;29,11
13,37;27,44;70,56;18,63;25,94
6,81;16,46;71,70;18,08;28,62
18,79;17,39;73,43;11,60;15,06
8,90;25,67;52,91;16,39;27,59
7,86;18,05;59,53;21,35;21,89
9,47;24,36;71,41;16,88;19,90
8,43;23,90;68,15;21,02;34,25
10,27;21,96;64,22;26,01;40,89
12,49;20,58;72,33;17,08;28,46
10,10;21,01;55,95;25,41;40,94
9,29;25,71;57,94;24,04;36,81
9,69;25,26;67,60;23,38;32,64
9,58;21,78;75,30;24,66;36,33
7,45;26,51;67,86;35,83;42,38
6,65;32,83;58,62;39,40;44,24
8,05;24,01;66,65;29,08;37,35
13,61;17,55;56,34;22,09;32,09
32,58;30,50;54,36;26,29;42,25
24,60;22,44;62,85;20,24;25,18
26,30;28,09;51,09;23,63;32,18
11,24;25,11;54,69;17,74;30,14
12,61;25,18;57,48;18,26;31,71
17,80;24,94;65,94;25,33;31,10
19,53;21,08;64,73;20,13;29,47
11,10;23,13;72,94;34,18;36,58
21,85;22,40;54,66;36,09;40,75
17,26;20,18;33,70;19,25;26,12
23,42;23,78;37,94;16,51;27,27
21,97;26,69;38,99;24,74;40,86
7,62;13,40;51,26;19,94;23,41
9,02;12,53;52,54;18,58;30,74
24,24;22,11;42,86;21,71;31,67
12,34;24,09;50,48;19,70;22,85
18,78;26,69;62,29;37,82;33,22
22,99;27,95;77,37;32,20;43,11
27,76;27,78;50,73;18,50;25,63
29,59;28,85;72,84;22,00;25,40
19,33;24,31;62,47;24,99;28,08
20,78;30,04;65,28;34,54;39,14
20,92;32,13;65,48;27,41;38,92
19,08;30,98;44,37;36,51;43,24
9,78;26,36;44,74;29,43;48,04
12,36;25,44;57,49;23,08;37,10
9,19;20,63;57,12;20,73;21,35
10,97;20,31;51,42;19,30;29,79
16,90;22,76;63,47;16,58;16,50
20,90;28,05;56,04;34,12;35,24
10,38;24,98;49,92;26,97;40,45
11,84;28,04;51,13;23,08;27,93
13,01;20,98;69,48;20,03;31,18
26,48;21,28;37,53;14,13;19,20
21,56;21,18;38,21;19,50;18,91
7,73;21,45;52,24;19,42;29,52
11,90;30,19;48,08;20,70;23,06
9,93;14,64;64,90;15,41;19,17
16,05;21,43;37,93;15,50;23,31
20,11;25,95;33,72;17,72;20,55
8,82;21,93;44,12;21,67;32,83
13,28;21,39;51,64;18,81;21,55
19,46;25,12;59,52;17,46;19,99
13,15;32,12;56,32;36,04;43,26
23,25;36,02;74,85;35,34;40,77
22,14;33,31;68,30;38,42;40,72
15,27;24,35;45,89;38,36;32,63
9,77;18,15;51,91;21,20;24,47
10,53;21,69;46,90;25,51;22,57
9,50;20,94;54,23;30,17;28,37
10,24;28,28;47,95;34,26;33,43
10,90;25,21;44,74;30,25;33,96
10,01;25,78;38,17;24,88;36,02
7,78;24,86;44,93;22,01;33,73
14,25;29,68;44,80;20,81;26,22
19,72;25,52;57,23;24,28;29,96
17,24;23,29;47,95;20,93;30,43
5,14;19,41;41,91;19,30;23,42
24,89;21,35;31,03;16,74;25,26
23,56;24,09;23,58;15,70;22,96
6,55;21,06;36,34;21,21;32,59
14,48;24,58;34,58;29,62;42,61
18,65;25,71;39,45;32,18;44,19
16,86;28,21;44,17;40,43;52,50
13,78;21,07;39,55;41,95;52,83
7,23;22,34;36,52;30,29;44,45
7,15;22,59;42,41;24,04;37,19
16,54;26,06;42,82;25,13;36,33
7,17;18,44;44,65;27,40;37,54
10,89;19,99;40,42;17,28;26,35
18,19;28,04;41,91;28,32;42,72
20,93;36,07;41,37;35,57;51,40
20,87;39,01;50,08;29,11;48,56
16,23;34,59;46,12;34,68;48,70
16,35;30,40;43,74;38,92;51,02
15,44;29,36;45,83;34,84;46,71
21,37;29,50;55,96;36,26;47,87
23,30;26,21;58,33;36,05;48,26
27,19;25,59;60,11;30,67;38,21
15,38;29,01;55,76;29,78;41,65
8,60;23,07;43,29;26,76;38,50
6,69;23,65;33,05;23,58;35,38
17,16;29,59;32,72;28,44;42,82
22,69;29,76;32,62;25,75;38,81
31,57;36,33;30,93;30,08;49,74
17,97;39,35;38,31;39,19;56,93
18,98;38,68;33,47;44,56;65,07
20,34;40,83;31,86;43,57;61,35
23,14;46,69;43,95;47,49;70,94
23,72;41,23;48,52;45,61;57,77
9,65;24,56;38,79;29,22;37,77
11,17;27,29;31,07;20,38;30,23
16,47;19,33;34,41;19,30;26,54
10,88;20,01;30,34;19,73;30,32
26,63;27,11;24,99;28,47;39,75
11,94;24,60;33,11;24,66;39,11
18,94;25,00;32,85;23,59;38,73
13,74;22,48;34,75;20,59;23,60
14,52;25,65;33,55;23,49;35,37
6,25;24,88;37,27;25,18;38,89
14,44;35,59;35,10;35,26;52,90
16,13;34,21;35,23;38,98;58,45
16,22;34,85;29,57;43,80;62,18
14,96;33,13;33,16;39,03;49,43
14,87;32,65;35,34;38,74;48,15
21,27;36,17;39,41;41,75;56,16
19,47;30,96;36,24;38,00;49,05
12,20;29,81;29,05;40,60;48,15
11,98;26,58;35,70;32,94;42,03
10,38;24,60;36,47;26,53;37,01
25,90;36,77;27,33;37,56;47,83
14,54;31,47;36,79;40,63;49,69
14,79;25,33;35,06;26,63;35,55
42,03;36,25;29,40;43,08;63,13
54,31;45,45;33,17;59,21;80,43
19,53;35,24;38,66;54,92;74,76
35,58;45,46;39,82;67,38;86,21
20,91;39,34;46,83;71,82;87,64
22,08;36,37;42,08;63,33;85,24
33,38;41,25;35,20;50,33;73,49
19,18;38,10;37,22;50,66;78,98
13,17;35,26;34,66;61,30;88,54
14,42;26,34;32,86;38,14;67,55
7,96;21,36;43,79;26,55;44,75
11,11;23,00;41,18;29,93;48,57
17,24;29,95;46,87;44,65;57,32
13,14;30,00;40,17;49,96;73,54
12,35;29,66;42,50;44,03;79,08
13,05;34,17;43,18;52,88;80,93
13,88;36,86;44,98;58,65;92,28
24,11;41,29;41,51;67,99;91,26
17,78;38,06;54,98;67,62;97,00
17,21;30,95;47,14;51,30;73,72
24,01;36,58;35,51;51,21;84,31
17,17;39,07;39,52;61,31;94,81
14,85;30,84;38,46;48,53;72,39
14,52;30,74;40,39;48,67;62,65
9,52;23,89;49,40;42,02;67,81
10,07;24,98;46,01;44,57;66,79
11,29;27,99;39,09;45,08;62,01
15,20;18,61;54,03;25,96;46,20
16,28;26,98;32,91;29,79;53,79
18,65;26,88;37,46;35,35;57,38
13,88;23,34;37,79;29,64;50,96
14,72;22,15;37,37;27,31;48,68
16,08;20,43;36,02;27,80;40,49
13,33;20,00;27,76;23,56;40,45
12,38;22,08;20,55;20,58;36,59
9,25;23,82;21,45;35,12;50,90
23,36;30,46;19,75;42,96;68,91
11,06;28,38;31,98;36,85;54,55
13,05;25,40;33,16;28,83;44,86
9,51;20,69;29,95;24,30;36,88
16,80;15,91;30,51;19,94;30,59
23,85;21,75;36,48;19,15;30,42
20,72;28,03;29,43;31,19;53,33
25,49;29,40;25,15;37,50;66,91
27,94;35,36;23,95;57,82;94,05
30,75;38,59;25,15;54,91;87,64
38,78;36,97;30,86;53,02;81,07
23,84;30,28;29,67;46,66;65,63
21,50;34,19;25,96;40,06;64,04
41,28;47,80;24,10;62,03;95,28
16,90;38,27;43,22;49,73;72,74
24,05;40,29;39,21;40,95;65,31
14,69;32,88;39,20;36,29;63,86
15,24;30,89;37,36;42,34;68,93
12,59;23,80;41,28;37,76;60,39
8,21;23,70;40,90;33,89;59,35
14,46;27,03;47,13;35,23;61,89
15,23;18,19;61,19;25,99;60,18
8,55;26,90;50,57;30,29;56,16
11,63;27,84;45,07;35,46;69,50
15,53;19,31;61,55;33,74;69,08
13,23;13,99;62,30;28,42;62,49
11,26;23,08;38,72;26,15;49,97
11,86;22,02;38,96;25,35;50,72
20,59;33,21;33,18;26,93;51,33
8,60;20,04;53,07;28,69;59,93
7,92;12,92;57,21;18,33;34,77
18,53;34,47;40,84;30,06;51,90
19,91;31,72;54,43;36,36;60,24
16,93;43,68;72,81;43,50;75,14
22,57;53,64;55,96;45,58;73,85
32,78;56,51;64,71;49,81;79,77
20,44;38,82;79,19;38,91;63,21
18,71;26,81;70,05;29,69;54,16
20,49;25,20;32,05;16,80;37,95
18,84;26,60;53,06;26,84;47,09
15,87;36,86;63,59;34,05;64,45
24,32;43,24;66,72;39,95;67,13
18,66;31,94;74,11;36,75;65,69
17,55;34,59;49,52;30,42;53,86
15,07;33,90;60,52;36,81;59,77
15,63;25,43;76,41;32,96;58,45
15,72;20,27;58,77;35,05;77,13
15,46;19,61;45,16;20,68;32,71
26,19;32,45;33,53;27,40;50,73
19,21;38,96;51,49;37,51;66,16
21,62;40,33;47,95;34,49;61,37
22,63;45,87;46,91;38,22;71,86
30,02;37,90;56,59;32,54;56,92
21,04;26,27;67,26;27,43;56,47
11,50;21,12;46,68;18,92;37,53
17,33;38,87;42,93;32,74;62,77
32,36;47,96;56,95;38,23;80,50
12,57;29,16;75,08;42,15;86,32
12,76;32,39;60,49;26,43;49,43
13,01;16,33;52,82;17,52;35,65
14,41;14,67;44,97;16,29;33,56
36,37;30,79;37,38;22,95;42,23
14,71;33,74;47,17;30,03;52,35
10,39;29,15;55,56;27,08;49,78
9,19;28,08;49,99;21,94;40,30
13,41;32,71;40,60;29,30;55,35
24,04;36,90;43,57;33,37;57,60
15,58;31,47;52,40;32,21;55,82
16,57;34,02;57,37;44,44;74,85
14,12;34,06;56,72;38,65;66,12
17,26;30,22;50,38;35,50;65,48
24,90;29,18;64,82;44,90;71,02
9,89;32,10;70,04;51,75;86,92
13,61;34,14;70,07;53,97;78,35
10,27;21,84;61,94;33,53;57,27
17,65;29,14;60,26;36,34;58,60
12,51;29,61;66,04;32,09;53,03
19,28;38,42;75,97;40,14;73,27
14,16;30,97;87,94;39,41;68,21
12,95;29,73;71,54;38,53;66,75
24,63;28,71;55,37;26,85;43,31
15,88;22,96;61,53;19,57;35,07
10,85;26,28;62,61;23,38;38,99
11,20;25,59;61,17;24,07;39,15
13,42;24,10;52,43;21,73;36,42
15,69;22,04;58,47;25,33;35,87
48,25;37,50;36,30;29,32;47,88
33,54;32,86;52,22;32,12;54,71
29,74;27,10;70,58;30,47;50,96
26,24;29,26;64,49;28,80;47,42
17,94;21,39;63,72;26,84;54,20
19,87;23,93;67,19;28,75;50,74
25,45;34,32;57,87;35,36;58,76
15,26;27,35;68,54;35,83;70,08
15,94;19,72;43,39;19,70;35,96
7,56;22,98;59,27;21,31;28,36
4,97;19,27;57,74;22,39;39,87
12,03;27,84;58,91;20,38;37,74
9,08;19,81;47,42;23,53;41,25
25,46;24,80;43,53;31,05;50,13
11,89;22,15;46,28;24,58;43,91
21,69;16,88;45,92;28,37;48,04
22,04;11,36;49,49;15,21;22,40
26,76;15,10;40,54;18,23;31,33
41,97;23,66;41,88;21,85;42,67
25,79;23,54;60,26;27,86;48,50
29,04;23,07;70,74;32,29;52,29
27,04;19,36;73,14;27,79;45,27
29,88;21,71;66,58;25,64;41,01
21,20;19,49;72,20;26,45;42,83
14,74;16,61;76,89;26,06;41,54
11,72;12,92;71,99;24,98;55,61
9,72;13,91;52,70;21,34;47,67
8,66;22,17;50,87;24,54;42,49
22,48;18,79;41,43;27,96;38,58
17,89;16,73;52,83;20,16;30,39
7,69;10,76;68,17;18,00;35,21
13,41;16,22;62,83;23,53;50,67
7,67;8,79;57,72;17,07;28,45
19,09;13,83;42,20;21,00;38,73
23,83;18,67;52,61;17,89;31,47
23,71;21,36;58,59;23,62;46,22
13,46;16,11;70,11;26,62;44,79
17,11;16,02;72,84;27,95;46,62
12,69;17,67;72,90;26,32;47,76
13,31;17,74;64,24;22,40;41,72
22,24;20,48;78,00;27,76;58,58
18,14;15,79;85,18;26,32;48,73
16,14;22,96;82,70;25,86;46,24
8,66;11,00;76,41;19,38;38,98
10,61;12,92;77,31;22,60;48,00
7,60;13,76;73,47;28,34;53,77
8,73;17,52;66,53;20,64;37,47
7,77;14,14;56,48;21,17;35,33
15,21;17,48;55,33;17,85;32,48
10,70;16,84;52,74;21,76;39,86
7,32;12,38;60,06;18,94;34,46
7,97;11,91;65,43;20,19;41,00
8,32;21,18;49,72;27,97;42,69
9,33;19,94;63,06;29,04;52,70
8,78;14,35;52,08;20,77;39,28
20,98;18,91;38,90;24,42;40,94
12,13;18,04;59,38;18,11;35,40
19,79;14,51;58,65;25,38;48,09
9,04;18,64;52,59;27,63;56,89
8,30;18,25;56,11;24,44;43,96
9,73;17,72;42,63;24,72;43,62
14,83;20,18;45,16;26,23;53,25
8,06;19,41;70,90;24,83;45,83
8,00;14,93;80,88;25,08;45,44
5,66;13,41;72,20;23,06;36,75
5,48;13,34;63,57;22,53;32,94
11,52;12,94;55,89;22,30;40,37
25,84;20,03;43,55;24,54;37,57
9,40;19,46;56,15;30,08;49,28
10,18;21,90;49,40;29,46;54,78
8,71;16,98;70,73;38,55;63,23
8,84;15,06;75,47;28,00;59,96
13,14;12,88;76,98;22,68;45,20
13,72;14,37;73,83;24,05;39,86
14,26;19,34;62,70;31,14;51,80
9,05;16,90;67,59;28,02;47,46
8,40;15,99;69,79;30,64;54,51
11,12;14,85;60,70;28,03;45,80
11,53;16,61;57,12;31,38;54,68
7,78;14,29;66,51;26,56;42,22
7,06;11,46;73,16;23,88;40,01
9,27;12,44;75,83;23,51;42,27
7,48;9,43;76,24;19,89;33,65
7,42;10,44;87,49;22,17;37,47
11,13;14,23;74,03;24,01;39,42
7,50;14,27;42,93;24,68;38,43
5,75;11,71;35,04;27,93;42,04
8,83;15,81;40,49;30,32;47,12
5,08;14,89;39,80;25,74;41,48
11,85;13,83;56,81;27,55;50,28
10,60;15,03;53,42;22,77;42,82
6,37;13,94;57,70;22,55;41,64
6,69;10,65;54,11;22,86;38,39
10,12;14,80;53,98;32,53;64,19
6,16;12,58;54,58;24,41;47,98
9,96;15,63;51,95;23,14;42,05
9,45;16,90;57,80;24,56;40,38
6,18;14,08;60,13;22,18;37,04
6,39;16,53;59,69;24,12;44,60
10,67;11,86;67,04;23,60;45,26
7,14;13,71;68,35;27,59;55,14
10,08;22,98;53,28;33,42;62,59
10,54;16,82;62,76;29,43;55,37
18,54;18,36;67,65;35,29;67,77
17,70;17,96;52,67;30,02;58,60
10,62;18,44;64,19;26,33;49,09
13,39;8,90;50,64;24,62;39,48
22,96;13,33;45,41;23,87;37,04
39,26;21,62;35,11;30,92;53,20
28,05;26,39;59,88;32,44;66,54
14,75;20,82;68,17;30,55;56,32
19,62;21,92;69,13;29,33;55,85
10,61;16,32;56,34;24,74;48,75
8,87;16,36;57,36;23,05;46,37
15,17;18,55;58,95;24,24;47,85
10,60;20,23;64,20;25,65;48,26
4,52;11,28;54,46;24,15;43,74
7,12;19,46;57,46;26,72;44,69
10,68;21,67;55,84;31,03;53,66
10,16;20,29;45,89;33,86;62,95
8,93;16,08;41,80;31,97;57,23
5,12;15,28;47,08;31,74;57,76
6,57;19,51;55,35;30,62;59,96
12,41;26,79;42,53;33,93;69,66
11,06;22,54;55,45;31,85;65,35
12,71;25,58;67,25;43,95;75,74
4,88;14,30;53,76;40,28;72,32
15,31;16,95;70,12;37,29;68,65
8,20;12,36;57,91;25,50;45,11
7,83;21,54;56,88;28,81;57,04
7,38;21,03;60,78;25,08;49,23
4,21;24,79;35,67;27,03;45,34
9,47;23,56;36,21;28,13;49,21
6,50;20,37;32,67;27,58;47,95
4,64;11,86;48,29;21,02;36,74
13,82;13,10;49,43;20,77;34,47
16,85;18,61;41,44;26,29;45,51
20,26;26,29;51,46;32,09;56,78
9,60;22,21;49,45;28,80;47,77
8,53;20,84;54,54;25,84;44,14
10,01;19,47;62,96;25,68;42,43
6,27;21,87;60,94;26,22;43,66
12,01;23,18;52,29;27,24;44,82
10,14;23,73;53,54;31,05;52,85
8,69;22,23;45,65;24,23;40,74
9,87;24,53;36,14;24,88;42,27
8,82;23,48;33,78;27,87;47,51
19,30;30,59;40,42;30,01;52,14
9,32;25,67;46,50;33,68;55,10
7,51;23,24;45,65;34,41;57,46
6,40;21,42;48,93;32,29;55,06
12,98;29,29;49,72;37,25;63,10
17,87;26,15;52,42;30,90;49,42
23,73;27,43;57,32;29,37;50,83
15,44;32,72;60,24;39,81;60,07
7,62;18,91;60,12;26,31;44,08
18,87;20,32;73,82;26,88;48,71
11,61;20,72;39,01;27,96;41,64
7,61;29,57;38,30;35,13;52,09
21,49;36,05;56,77;39,91;63,61
22,84;28,15;45,04;32,34;54,11
27,69;29,10;39,56;31,67;55,75
26,50;28,94;35,08;33,27;54,48
12,95;25,35;50,51;29,88;52,29
13,60;30,35;43,26;32,11;54,70
17,83;32,11;58,87;32,04;59,86
14,13;30,96;54,13;32,01;54,86
12,68;30,78;52,20;33,50;55,73
18,68;23,98;49,18;28,09;48,93
20,71;24,13;50,18;29,45;49,67
7,57;21,43;48,56;26,07;44,92
8,92;24,22;51,05;26,57;41,79
20,25;26,37;53,63;30,13;46,47
15,61;24,24;40,53;27,93;45,14
12,37;26,23;44,58;28,38;48,44
14,25;25,81;42,43;28,79;46,77
18,35;27,33;48,85;33,19;53,93
17,79;28,75;54,24;30,75;49,51
9,63;26,21;45,82;28,38;45,77
15,99;26,57;49,06;27,29;44,36
10,03;22,79;52,55;21,53;35,37
8,36;20,24;48,41;23,76;39,30
11,09;23,59;37,04;23,55;38,87
12,87;23,90;40,73;24,82;39,26
7,92;19,09;43,73;22,28;39,61
8,43;22,04;54,31;20,55;32,01
10,04;25,18;39,16;26,05;43,20
14,16;33,29;34,47;32,86;55,28
9,95;30,24;46,68;30,87;49,99
9,62;30,25;44,23;30,46;46,89
16,94;38,83;47,77;38,06;53,60
10,36;26,68;49,85;34,48;52,31
8,59;23,71;49,91;27,46;42,69
7,29;23,35;44,23;25,34;43,08
11,91;29,86;29,61;26,25;42,40
11,89;28,26;44,68;29,46;45,31
12,68;20,46;51,89;26,40;40,40
15,81;24,82;53,82;25,89;39,80
13,35;18,94;48,40;21,37;41,74
12,16;17,56;28,27;22,24;35,07
8,59;24,82;29,17;25,52;39,70
10,16;26,80;23,62;27,76;42,18
10,12;25,44;30,47;28,35;43,26
7,19;23,79;36,46;24,64;39,68
11,18;26,99;44,83;27,46;45,64
13,80;27,65;52,37;28,34;43,44
21,41;36,10;45,41;38,91;57,15
14,14;27,67;46,82;33,23;50,97
17,23;29,65;41,70;31,19;52,90
13,56;32,42;46,11;33,98;58,88
29,77;38,70;38,76;38,01;66,16
24,64;44,49;44,39;36,30;62,66
13,22;26,92;43,26;31,05;53,91
20,74;33,76;38,03;36,26;61,79
17,90;36,02;44,94;37,70;62,42
10,63;20,08;47,14;24,92;41,39
7,84;22,76;37,36;27,94;45,21
15,20;33,33;26,19;33,16;55,97
11,58;29,45;34,32;30,67;53,58
16,11;30,11;39,33;31,35;53,46
21,85;34,08;29,55;30,74;52,94
53,54;41,12;24,89;40,28;69,08
18,36;36,76;37,22;35,29;61,72
30,74;43,62;33,44;40,45;69,83
27,96;49,24;31,13;42,33;70,74
19,08;35,13;35,16;35,45;64,28
23,48;37,82;36,23;36,21;61,96
20,12;35,29;44,49;33,75;58,52
14,03;35,28;41,03;33,65;61,44
19,29;37,30;38,27;35,51;60,05
22,21;33,92;41,89;35,06;60,94
18,87;41,25;29,22;41,82;69,72
33,54;39,47;27,46;40,29;70,68
24,25;30,67;31,89;32,61;59,05
30,86;36,42;29,62;35,80;63,11
21,07;33,87;37,64;34,40;58,81
15,64;28,38;34,17;29,65;43,72
16,54;29,89;31,15;31,68;54,33
23,04;32,43;30,53;33,38;58,09
25,28;30,97;37,78;34,81;53,54
22,67;30,39;33,44;34,57;52,89
31,70;36,19;31,62;38,36;57,48
26,55;36,76;36,88;45,34;66,48
10,82;34,11;40,95;37,17;52,12
16,26;35,36;33,85;35,87;54,92
20,02;40,51;39,74;43,15;64,47
24,49;39,41;31,25;46,68;67,37
26,92;35,62;35,27;35,44;54,12
15,09;36,58;34,75;38,33;56,80
25,05;40,78;34,67;48,82;75,40
22,45;43,34;45,59;49,32;73,73
18,71;38,01;32,40;45,32;71,09
22,39;41,96;29,37;44,25;63,22
29,07;48,61;35,86;53,34;89,48
31,17;45,45;31,88;53,61;85,07
24,74;41,49;50,43;56,41;89,82
23,09;34,50;39,76;45,52;76,19
30,19;42,91;37,97;47,86;75,72
43,77;53,49;28,69;65,01;104,03
21,85;46,55;29,43;54,38;93,38
16,79;33,32;27,53;52,19;84,74
11,09;26,11;33,07;37,86;59,08
29,34;42,70;31,33;54,67;94,37
31,91;47,59;36,21;62,17;99,92
19,31;39,81;34,35;44,34;73,67
13,02;27,63;40,00;27,21;52,12
27,04;33,10;36,02;32,12;55,09
18,13;42,86;35,62;47,18;89,50
27,10;46,89;43,78;51,01;87,57
20,11;34,26;37,13;41,08;77,89
14,41;24,60;36,15;27,64;47,48
26,71;38,34;31,49;42,35;71,71
33,20;42,35;40,26;46,84;82,61
16,62;35,69;40,51;39,23;65,90
18,07;33,79;36,75;38,24;68,05
10,81;24,13;33,26;25,33;44,39
11,00;24,69;28,93;27,48;44,48
27,06;34,80;29,79;31,21;54,34
29,07;42,91;26,08;46,98;85,08
26,62;56,48;38,05;58,59;105,51
30,57;53,56;44,75;56,55;92,05
20,46;46,57;42,83;48,57;71,59
28,39;46,96;40,27;57,57;84,77
30,69;57,62;38,75;59,88;96,63
22,33;53,26;35,81;52,57;83,17
33,19;44,77;29,62;48,31;86,70
21,13;44,03;32,50;50,99;96,11
9,00;29,84;37,94;43,81;96,22
9,18;15,40;35,93;14,72;33,82
35,99;33,35;29,21;40,51;72,36
20,57;26,58;40,25;27,57;53,69
20,93;30,36;42,22;35,42;80,67
13,46;23,87;45,32;31,93;79,37
21,78;40,04;36,38;46,65;92,21
25,60;39,02;39,68;43,38;93,40
26,71;47,08;53,91;60,38;112,52
45,48;52,91;45,89;61,67;114,43
60,63;57,20;39,70;55,43;103,23
17,25;44,96;50,59;54,77;99,78
18,11;36,95;45,21;48,99;97,33
24,84;41,47;49,87;45,54;90,24
12,97;34,09;51,09;38,32;79,73
18,96;35,54;51,66;37,49;75,07
23,53;35,44;63,97;45,23;76,20
22,10;36,95;55,17;44,46;83,15
14,21;40,59;51,09;44,91;81,70
19,39;34,95;62,74;42,24;92,16
15,72;32,21;65,90;31,80;65,92
18,17;23,24;45,11;25,63;49,52
8,84;18,92;56,59;24,25;47,44
10,39;18,15;59,11;19,47;39,98
7,86;27,36;56,09;25,53;57,80
15,08;31,23;47,57;32,71;67,12
17,23;33,52;46,94;32,81;63,68
19,54;36,12;53,07;32,70;63,91
10,84;37,81;46,54;34,84;68,76
23,70;40,05;42,68;39,26;76,53
16,51;25,99;59,08;27,38;55,45
15,89;25,04;61,10;22,52;47,97
32,42;31,79;45,60;28,02;58,17
31,50;42,24;38,11;35,36;60,00
16,46;28,97;42,05;31,59;60,70
19,61;32,59;47,14;29,63;56,10
47,17;41,74;40,01;36,70;64,16
15,98;29,48;51,08;31,04;52,83
18,04;31,44;47,79;35,70;62,58
25,28;37,79;52,44;42,97;80,07
18,69;39,68;45,98;35,85;76,61
23,19;39,50;53,56;31,63;76,85
20,63;40,57;63,79;34,96;74,95
7,15;23,83;51,06;15,57;38,39
29,20;29,51;37,97;24,62;47,33
18,27;33,20;35,93;31,77;66,10
22,08;33,36;43,64;30,85;54,84
22,61;32,99;52,87;37,88;64,83
29,03;33,39;55,00;37,89;82,87
26,75;31,61;36,86;22,52;46,58
51,01;38,18;25,03;24,33;38,46
31,63;27,68;48,63;22,64;37,86
23,12;27,22;56,29;21,66;39,47
18,84;29,69;47,22;24,45;49,85
14,33;32,00;45,28;26,73;53,83
21,83;34,52;44,25;28,01;54,19
12,89;25,33;53,02;24,38;57,52
14,38;28,51;45,56;25,28;52,93
11,66;28,40;47,99;28,75;63,39
17,84;33,05;47,56;29,22;60,07
24,35;41,28;52,64;36,20;68,68
21,16;40,57;58,21;35,43;68,27
17,65;39,79;70,27;33,45;68,77
18,00;41,44;69,12;31,87;67,55
18,86;44,06;66,46;40,08;75,11
16,13;25,81;74,94;28,92;57,77
18,01;24,96;59,56;34,48;92,69
23,85;23,73;48,27;26,52;54,88
13,09;16,40;48,70;23,52;84,27
26,79;25,75;39,98;21,61;35,85
36,22;35,04;43,37;36,99;62,21
14,95;33,21;56,86;29,61;61,93
15,95;31,77;59,09;33,78;90,66
13,87;16,63;56,18;19,80;47,93
27,49;24,60;45,46;22,48;49,32
24,88;32,28;49,82;22,09;38,17
12,04;25,01;59,14;23,10;44,16
15,90;26,45;58,88;22,49;49,53
16,77;37,42;64,61;28,79;61,55
12,63;28,61;73,27;25,19;52,20
17,18;25,71;75,34;30,92;75,69
20,32;25,94;54,76;20,85;55,01
15,91;28,12;56,24;28,28;51,75
19,52;27,23;37,42;32,80;81,91
27,73;27,48;49,25;22,48;42,10
13,88;25,40;65,04;23,89;46,37
9,97;21,37;71,75;23,70;49,21
15,98;24,01;66,14;25,83;50,79
20,87;23,25;67,23;23,02;51,12
30,06;33,30;59,70;29,93;56,28
21,16;26,92;77,76;24,45;42,97
15,91;22,15;80,59;25,55;49,12
20,41;28,52;72,17;30,73;54,86
13,22;28,59;71,64;29,89;51,78
14,71;24,89;65,41;24,60;61,61
16,94;24,69;60,10;33,35;68,80
9,54;19,88;68,63;28,91;61,41
10,87;26,76;54,83;27,60;50,20
10,18;23,94;89,22;36,32;71,15
8,95;28,41;71,17;30,55;52,94
9,94;22,44;83,50;32,60;47,16
11,07;22,46;49,36;26,05;40,69
27,07;19,89;53,48;16,55;28,84
13,23;23,74;49,32;19,78;34,84
10,43;24,42;57,91;30,65;52,71
7,81;21,61;64,99;32,38;50,17
7,50;20,46;70,86;18,63;29,79
9,83;28,47;67,15;19,77;35,08
11,57;30,07;75,76;20,19;34,06
7,61;25,19;77,29;21,71;36,90
9,16;28,07;74,00;27,61;50,18
11,42;27,82;68,73;19,87;38,40
12,58;30,73;62,03;25,42;46,32
10,22;22,62;65,17;24,95;45,36
8,53;18,51;66,30;19,83;28,02
7,56;20,32;86,96;17,13;30,55
5,67;21,64;86,05;18,06;30,89
5,11;20,28;76,71;17,11;21,35
4,81;17,49;65,98;17,84;25,92
23,39;26,13;53,16;21,71;34,39
22,27;27,81;57,06;16,81;27,52
9,22;21,25;78,21;20,51;38,15
8,77;25,49;59,75;27,84;52,21
4,55;17,68;79,28;16,59;29,28
8,50;27,60;62,01;25,01;43,28
4,95;25,06;65,50;23,68;40,37
7,19;28,70;68,53;24,51;43,81
7,29;20,90;81,48;19,53;29,70
6,31;20,07;70,70;18,59;26,80
10,45;30,82;59,92;23,17;34,40
19,30;36,49;70,71;34,36;50,14
8,92;31,22;67,62;36,55;52,56
10,53;24,98;89,04;29,94;50,21
14,42;38,73;70,42;25,60;40,62
15,52;37,82;59,79;24,84;41,43
15,41;32,43;76,00;23,37;37,41
10,71;27,26;78,73;21,36;36,02
8,54;20,53;66,47;31,42;61,28
14,14;22,30;22,10;18,37;26,00
17,92;27,84;27,62;26,28;39,97
11,33;27,64;36,06;27,14;46,26
15,42;32,13;38,01;30,85;46,73
8,70;19,92;47,86;27,45;47,31
12,72;27,03;38,88;29,44;51,27
12,59;26,89;39,71;26,15;41,31
9,51;23,62;55,16;22,72;41,57
14,90;20,14;54,70;23,19;40,59
12,33;25,82;47,29;29,76;49,27
10,70;21,65;57,15;26,29;45,55
11,07;18,91;58,71;21,20;39,70
18,07;26,21;61,41;26,60;46,24
10,41;23,15;55,54;25,04;42,41
9,83;21,69;60,56;24,74;44,33
11,60;24,78;56,72;29,08;47,43
8,71;26,60;59,74;25,24;46,30
9,01;21,64;69,38;33,49;50,68
9,86;26,25;54,92;37,91;57,14
9,07;25,45;43,53;29,00;51,26
6,28;28,27;48,03;32,90;55,98
8,07;19,04;62,74;26,50;45,63
6,83;20,97;68,08;26,21;45,38
7,23;19,44;56,85;24,67;41,38
9,40;22,38;38,32;31,53;50,28
10,74;17,58;43,92;24,15;43,51
8,75;22,45;47,85;36,47;54,03
9,09;24,29;58,57;28,45;50,94
9,16;21,37;58,80;25,28;44,57
7,22;20,98;72,94;24,24;40,12
11,14;23,08;66,71;31,35;56,44
9,60;23,41;65,91;30,25;55,02
8,47;21,36;59,96;25,68;45,82
9,19;26,71;66,25;27,54;46,04
8,96;24,17;71,32;33,10;56,19
9,98;25,15;45,20;27,94;47,49
11,91;27,45;46,14;31,81;52,26
8,33;21,68;43,61;26,42;45,02
12,69;24,60;39,18;25,88;45,68
11,23;23,07;54,43;22,15;34,33
17,32;28,39;58,72;31,75;52,25
17,51;27,40;54,13;25,26;43,47
12,39;26,81;49,44;22,11;35,43
19,70;27,24;60,09;25,55;40,71
16,48;30,22;70,49;30,15;43,91
10,52;24,60;56,68;25,46;43,40
12,57;23,25;56,86;29,23;49,35
23,49;29,28;36,88;29,58;53,64
14,59;22,19;46,79;29,15;44,79
7,64;25,37;53,57;26,26;43,98
7,42;21,04;60,95;23,61;37,01
10,20;23,22;54,08;23,82;41,96
8,34;19,11;60,97;18,91;34,53
7,40;16,78;59,49;25,40;39,95
12,44;20,78;59,31;21,20;36,31
10,00;22,56;52,02;27,49;46,17
11,62;25,71;58,23;28,74;44,15
12,93;28,49;77,28;34,17;52,96
11,18;28,92;55,45;27,15;45,37
11,41;26,77;53,25;27,82;48,67
17,66;28,17;53,05;29,94;47,31
25,52;26,67;51,12;25,78;45,05
12,77;28,12;54,78;26,43;43,39
11,87;29,42;45,17;35,40;55,44
10,52;27,68;52,18;29,13;53,38
11,03;26,89;51,95;24,59;40,41
10,29;29,11;48,29;24,47;42,17
10,12;26,41;52,67;24,78;43,65
11,40;26,57;48,46;25,27;43,34
16,04;28,04;45,96;26,95;47,18
11,71;30,12;42,92;27,86;40,54
10,77;26,79;41,62;27,86;43,20
11,68;31,50;51,32;30,01;45,16
15,11;28,27;49,55;29,33;50,40
21,54;29,07;60,97;24,92;45,84
20,69;31,55;51,44;29,95;45,41
10,45;27,02;59,33;37,01;59,50
9,35;24,65;46,53;28,17;43,58
10,66;26,70;39,87;28,19;47,83
13,26;28,07;48,82;29,26;50,39
10,27;27,19;47,19;28,86;46,48
9,83;22,60;46,98;23,56;42,52
13,63;28,83;41,67;28,66;46,27
12,82;29,93;45,13;28,47;46,54
14,98;30,63;47,51;31,57;49,14
10,09;27,85;57,20;38,67;52,52
9,12;28,64;43,39;28,51;48,03
16,55;31,46;51,37;31,12;52,04
